grp,tag,status,err,n,nfail,failed,delay,delay_sd,delay_max,tclk_wlen,tclk_dec,trestore,tprch,twldrv,twdrv,tsa,tswing,pavg_uW,wl_slew,rwl_minus_wl,sen_minus_wl,bl_at_sen,dv_at_sen,dv_at_sen_min,rbl_at_sen,bl_at_acc0,blb_at_acc0,bl_at_next,blb_at_next,blb_min_acc,blb_min_acc_max,q_flip,q_flip_max,twdrv_wave,out_end,t
A_wd,10T_8x4_w_SF_wd0.5,ok,,1,0,,343.9134,0.0,343.9134,233.2356,336.27139999999997,423.7466,,36.361,119.61609999999999,,,35.95773,22.732139548919804,,,,,,,0.899799212,0.899863731,0.899805034,0.899838545,0.00042557364,0.00042557364,254.64636021227778,254.64636021227778,119.61987441668506,,40.56406784057617
A_wd,10T_8x4_w_SF_wd0.5_mc10,ok,,10,0,,327.39387999999997,49.53397702492301,410.9237,223.96435000000002,323.08934000000005,408.28066999999993,,34.756111000000004,114.07439299999999,,,37.606697999999994,23.174651588612967,,,,,,,0.8997410398000001,0.8998287171999999,0.8997493635,0.8997991516999999,0.0005021728205,0.000765937953,241.99474631271164,318.80311693819016,114.11986825640706,,391.10938239097595
A_wd,10T_8x4_w_SF_wd1.0,ok,,1,0,,203.8411,0.0,203.8411,233.23420000000002,336.2715,429.4306,,36.628190000000004,72.24392,,,35.57681,23.200337251829673,,,,,,,0.899787804,0.899851747,0.899788229,0.899805837,0.000301062106,0.000301062106,121.8289520085288,121.8289520085288,72.16575359818569,,39.02471899986267
A_wd,16x16_w_SF_box_wd1.0,ok,,1,0,,285.8881,0.0,285.8881,269.48400000000004,410.96070000000003,469.843,,46.67187,82.47762,,,91.83908000000001,26.874450754754026,,,,,,,0.899858791,0.899907539,0.899858304,0.899886273,0.000417629108,0.000417629108,212.92918430380675,212.92918430380675,82.39570850413047,,282.06172347068787
A_wd,16x16_w_SF_box_wd1.5,ok,,1,0,,216.1594,0.0,216.1594,269.48359999999997,411.10360000000003,471.8969,,46.61103,63.323069999999994,,,91.36167,27.150128190537668,,,,,,,0.899853234,0.899901668,0.89985031,0.899870566,0.000349713388,0.000349713388,144.5425465522628,144.5425465522628,63.28506428758897,,289.49113941192627
A_wd,16x16_w_SF_box_wd2.0,ok,,1,0,,194.2126,0.0,194.2126,269.4835,411.10360000000003,473.6722,,46.560610000000004,53.07398,,,93.38741999999999,27.205047839975848,,,,,,,0.899847662,0.899895754,0.899842396,0.899854942,0.000309329589,0.000309329589,122.92223442347243,122.92223442347243,52.88322589195064,,309.84893107414246
A_wd,16x16_w_SF_wd0.5,ok,,1,0,,608.6003000000001,0.0,608.6003000000001,269.4962,411.1517,470.6886999999999,,48.06015,147.424,,,104.0161,28.827961114571494,,,,,,,0.899837,0.899899531,0.89983977,0.899887272,0.000615131133,0.000615131133,528.8470103880983,528.8470103880983,147.37380530584048,,205.43432641029358
A_wd,16x16_w_SF_wd0.75,ok,,1,0,,271.15209999999996,0.0,271.15209999999996,269.4841,411.11510000000004,471.54409999999996,,48.15372,106.28859999999999,,,88.88752,29.429408458738383,,,,,,,0.899834238,0.899896635,0.899835691,0.899879335,0.000506934433,0.000506934433,194.6801482858477,194.6801482858477,106.26315480693987,,243.54617404937744
A_wd,16x16_w_SF_wd0.75_mc10,ok,,10,0,,258.10937,31.884006158763988,308.24559999999997,259.55592999999993,394.61019999999996,454.04834999999997,,45.953765,101.401657,,,93.293857,28.04619964335908,,,,,,,0.8997808898999999,0.8998662162000001,0.8997836266000002,0.8998466978999999,0.0006103543591,0.00096033743,184.4243267086273,229.93267080108302,101.40627244179748,,2655.244451522827
A_wd,16x16_w_SF_wd1.0,ok,,1,0,,225.76059999999998,0.0,225.76059999999998,269.4839,410.96070000000003,473.32280000000003,,48.17726,86.25773000000001,,,88.27573,30.008933148055824,,,,,,,0.89983147,0.899893724,0.899831695,0.899871482,0.000443396406,0.000443396406,149.623456076025,149.623456076025,86.23133731410836,,251.31264805793762
A_wd,16x16_w_SF_wd1.0_mc10,ok,,10,0,,214.09945999999994,22.50721826295733,247.365,259.55291,394.59056,455.16736000000003,,45.975291,82.11469800000002,,,92.835363,28.183645353560202,,,,,,,0.8997774282,0.8998620699,0.8997789619999998,0.8998374796,0.0005355510094,0.000847619124,141.63284505056956,169.92085592842292,82.08179238293937,,2645.1093180179596
A_wd,16x16_w_SF_wd1.5,ok,,1,0,,189.2927,0.0,189.2927,269.48359999999997,411.1037,475.1167,,48.15531,65.90361,,,89.81574,30.52698538875463,,,,,,,0.899825918,0.899887857,0.899823752,0.899855826,0.000371314907,0.000371314907,115.55331792092659,115.55331792092659,65.83922505879849,,245.3029763698578
A_wd,16x16_w_SF_wd2.0,ok,,1,0,,173.17909999999998,0.0,173.17909999999998,269.4835,411.1037,476.42730000000006,,48.10102,55.04029,,,92.49934999999999,30.723840035184352,,,,,,,0.899820335,0.899881941,0.899815867,0.89984023,0.000327920574,0.000327920574,100.90328197259876,100.90328197259876,55.0404712073955,,250.82809710502625
A_wd,256x8_w_SF_wd16.0,ok,,1,0,,210.20600000000002,0.0,210.20600000000002,273.055,471.8218,523.3125,,42.414910000000006,51.94456,,,243.9649,26.308251752323756,,,,,,,0.899859811,0.899919842,0.899855822,0.899901106,0.000762807939,0.000762807939,144.12943588693415,144.12943588693415,51.94456473510833,,1513.941555261612
A_wd,256x8_w_SF_wd4.0,ok,,1,0,,313.4445,0.0,313.4445,273.0553,471.8209,520.3149000000001,,42.43347,137.5305,,,207.4332,26.46306759397867,,,,,,,0.899867982,0.899928574,0.89986715,0.899923699,0.00226824341,0.00226824341,239.0850173469621,239.0850173469621,137.53052630053037,,1440.0198011398315
A_wd,256x8_w_SF_wd8.0,ok,,1,0,,246.6571,0.0,246.6571,273.05490000000003,471.8218,521.9162,,42.406940000000006,80.13004,,,219.31380000000001,26.30570379029993,,,,,,,0.899865261,0.899925655,0.899863371,0.899916164,0.00132185045,0.00132185045,179.12162879165925,179.12162879165925,80.13004431747498,,1462.8138659000397
A_wd,64x16_w_SF_wd1.0,ok,,1,0,,365.8418,0.0,365.8418,271.5466,435.84929999999997,493.4461,,47.02363,165.0916,,,144.6397,30.38566126587465,,,,,,,0.899862489,0.899923512,0.899862342,0.899917874,0.00154445484,0.00154445484,288.767036528321,288.767036528321,165.09157818774312,,743.8105232715607
A_wd,64x16_w_SF_wd2.0,ok,,1,0,,244.9887,0.0,244.9887,271.5456,435.9005,494.30060000000003,,46.95946,95.25508,,,144.869,30.789507127528616,,,,,,,0.899859768,0.899920631,0.899858546,0.899910309,0.00103908285,0.00103908285,170.27873578387337,170.27873578387337,95.22676067227815,,700.1525881290436
A_wd,64x16_w_SF_wd4.0,ok,,1,0,,210.5636,0.0,210.5636,271.54470000000003,435.99830000000003,495.04120000000006,,46.86486,57.60807,,,156.5302,30.029415321784143,,,,,,,0.899854299,0.899914785,0.899850949,0.899895166,0.000675527211,0.000675527211,138.4880698722683,138.4880698722683,57.608621136983146,,772.9401137828827
A_wd,64x16_w_SF_wd8.0,ok,,1,0,,188.94230000000002,0.0,188.94230000000002,271.5446,435.9998,497.21930000000003,,46.875150000000005,39.7683,,,180.8345,30.323482138556514,,,,,,,0.899843362,0.899903061,0.899835779,0.899864906,0.000430867795,0.000430867795,119.5978679790374,119.5978679790374,39.768798663327196,,737.3710141181946
A_wd,8x4_w_SF_box_wd0.5,rescored,RuntimeError: Measurement TWRITE_TOTAL is missing or FAILED ,1,1,"blb_driven_low,q_retained,q_written",,0.0,,,,,,,,,,,21.8762984802926,,,,,,,0.899827282,0.899877922,0.899831038,0.899867926,0.252688405,0.252688405,,,115.58440127590198,,46.29477119445801
A_wd,8x4_w_SF_box_wd0.75,rescored,RuntimeError: Measurement TWRITE_TOTAL is missing or FAILED ,1,1,"blb_driven_low,q_retained,q_written",,0.0,,,,,,,,,,,21.755591614827097,,,,,,,0.899821572,0.89987194,0.899822805,0.899851525,0.203547343,0.203547343,,,86.41883586713807,,46.61953568458557
A_wd,8x4_w_SF_box_wd1.0,ok,,1,0,,236.1046,0.0,236.1046,232.77460000000002,337.0419,427.4934,,35.27387,69.94932,,,36.44773,21.91676222037187,,,,,,,0.89981585,0.899865924,0.899814704,0.899821904,0.000241373447,0.000241373447,175.54912277958255,175.54912277958255,69.90123894288725,,46.47869539260864
A_wd,8x4_w_SF_box_wd1.0_mc10,ok,,10,0,,231.90994999999998,51.57781246852662,343.3471,223.6627,323.22783000000004,411.47128000000004,,33.675472,66.52923100000001,,,38.178379,22.242086011614386,,,,,,,0.8997655604999999,0.8998311722000001,0.8997664206,0.8997829863,0.00028596927219999997,0.00044303789,173.58164025812115,281.58912228451226,66.42818768944309,,473.85475397109985
A_wd,8x4_w_SF_box_wd1.5,ok,,1,0,,176.32979999999998,0.0,176.32979999999998,232.7732,337.0419,431.451,,35.41436,53.24425,,,36.41977,22.00898515462398,,,,,,,0.899804374,0.899853802,0.899797927,0.899789227,0.000216143695,0.000216143695,116.59381960739978,116.59381960739978,53.20481699520785,,47.547847509384155
A_wd,8x4_w_SF_box_wd1.5_mc10,ok,,10,0,,168.24767000000003,20.24999824573079,200.9548,223.65975,323.24048999999997,415.51266000000004,,33.813480999999996,50.46418,,,38.064634999999996,22.559957586546336,,,,,,,0.8997512333000002,0.899813967,0.8997470509,0.899744844,0.0002545918082,0.000391694546,110.72691987911792,139.58505116857378,50.34582178282768,,428.13477754592896
A_wd,8x4_w_SF_box_wd2.0,ok,,1,0,,158.2697,0.0,158.2697,232.77210000000002,337.04200000000003,435.57989999999995,,35.46607,45.87547,,,36.9204,22.097308039470658,,,,,,,0.899792864,0.89984158,0.899781658,0.899757062,0.000200736163,0.000200736163,99.64476413280856,99.64476413280856,45.78872486586616,,47.17580771446228
A_wd,8x4_w_SF_box_wd2.0_mc10,ok,,10,0,,151.12928000000002,16.306094636411256,175.88150000000002,223.66079,323.24039,419.25717,,33.87223899999999,43.389478000000004,,,38.608411000000004,22.799700566682365,,,,,,,0.8997368798000001,0.8997966734,0.8997280368,0.8997070600000001,0.0002352953531,0.000359666373,94.25320309854217,114.68633581768215,43.32109784908878,,475.72814416885376
A_wd,8x4_w_SF_box_wd3.0,ok,,1,0,,161.63,0.0,161.63,232.7771,336.965,432.4862,,34.81979,33.921029999999995,,,38.924600000000005,22.55214497943384,,,,,,,0.899769784,0.899816957,0.899749246,0.89969284,0.000202444767,0.000202444767,103.84112676890079,103.84112676890079,33.79122032411563,,48.36360287666321
A_wd,8x4_w_SF_wd0.5,ok,,1,0,,499.33809999999994,0.0,499.33809999999994,232.7768,337.0418,424.0363,,36.389920000000004,119.211,,,38.80502,23.72481048529913,,,,,,,0.899799056,0.899863652,0.899804863,0.899838432,0.000338343677,0.000338343677,432.9127609944487,432.9127609944487,119.3444268484578,,34.87312602996826
A_wd,8x4_w_SF_wd0.5_mc10,ok,,10,3,"blb_driven_low,q_retained,q_written",363.7575428571428,56.985870885957524,420.026,223.66588000000002,323.23003,405.28288,,34.746609,113.771011,,,57.28576999999999,23.450887828570732,,,,,,,0.8997407481999999,0.8998285706000001,0.8997488968,0.8998031355,0.0802574367594,0.268508089,302.11875534569504,355.94492262199907,113.84510689642941,,339.0943841934204
A_wd,8x4_w_SF_wd0.5_out1.0,ok,,1,0,,172.6626,0.0,172.6626,232.7753,337.0419,429.3362,,36.649080000000005,70.24796,,,35.19773,24.59753599827256,,,,,,,0.899787794,0.899851822,0.899787427,0.899805099,0.000251309535,0.000251309535,109.40451253809874,109.40451253809874,70.24475214643549,,34.99191689491272
A_wd,8x4_w_SF_wd0.5_out1.5,ok,,1,0,,139.09290000000001,0.0,139.09290000000001,232.7747,337.04200000000003,434.01460000000003,,36.8463,51.11065,,,35.17742,25.090592692723845,,,,,,,0.899776577,0.899839971,0.899770783,0.899772564,0.000224690346,0.000224690346,77.53952274823733,77.53952274823733,51.030585690752886,,35.47806096076965
A_wd,8x4_w_SF_wd0.5_out1.5_mc10,ok,,10,0,,132.02366,13.081402193893439,150.7261,223.66432999999995,323.22896,417.8073099999999,,35.268131,48.510256,,,36.761006,24.677781634575474,,,,,,,0.8997125187,0.8997946786,0.8997099199,0.89972228,0.0002669020828,0.000414901865,72.73643427489165,87.54951136796882,48.37516615180886,,330.9126994609833
A_wd,8x4_w_SF_wd0.5_out2.0,ok,,1,0,,123.76150000000001,0.0,123.76150000000001,232.7742,337.04200000000003,437.72429999999997,,37.08533,40.29406,,,35.354549999999996,25.711537035238834,,,,,,,0.899765381,0.899828092,0.89975463,0.899740529,0.000208182181,0.000208182181,62.85141026186131,62.85141026186131,40.26725545617334,,35.36417865753174
A_wd,8x4_w_SF_wd0.625,ok,,1,0,,258.9574,0.0,258.9574,232.77609999999999,337.0418,426.0378,,36.465419999999995,101.4484,,,35.98178,23.834782021562937,,,,,,,0.899796204,0.899860667,0.899800673,0.899830265,0.000299433752,0.000299433752,193.64186290261046,193.64186290261046,101.48793839329902,,34.22611427307129
A_wd,8x4_w_SF_wd0.75,ok,,1,0,,214.518,0.0,214.518,232.77550000000002,337.0418,427.1881,,36.533719999999995,89.18621999999999,,,35.66592,23.93028256327591,,,,,,,0.899793348,0.899857673,0.899796459,0.899822076,0.000276263611,0.000276263611,150.3177445058987,150.3177445058987,89.15496759878926,,34.59038424491882
A_wd,8x4_w_SF_wd0.75_mc10,ok,,10,0,,204.10188,25.54143440826298,244.6271,223.66445000000002,323.22992000000005,411.14715,,34.899879999999996,84.857348,,,37.247083999999994,23.6505544877662,,,,,,,0.8997336179,0.8998200466999998,0.8997393499999999,0.8997798555000001,0.00033072456100000005,0.000517060531,142.22942264108983,179.2538402000854,84.84836774588062,,346.5600905418396
A_wd,8x4_w_SF_wd0.875,ok,,1,0,,191.8365,0.0,191.8365,232.775,337.0419,428.7659,,36.58723,79.54455,,,35.56612,24.292928512581348,,,,,,,0.89979049,0.89985467,0.899792301,0.899813942,0.000261786066,0.000261786066,128.06840665704024,128.06840665704024,79.5091689484575,,33.57020688056946
A_wd,8x4_w_SF_wd1.0,ok,,1,0,,177.14540000000002,0.0,177.14540000000002,232.77460000000002,337.0419,429.9307,,36.657669999999996,72.08943000000001,,,35.59162,23.71853945606227,,,,,,,0.899787629,0.899851659,0.89978812,0.899805785,0.000251387262,0.000251387262,113.77878241616101,113.77878241616101,72.00544824169675,,33.38248372077942
A_wd,8x4_w_SF_wd1.0_mc10,ok,,10,0,,168.47316,17.814239973189988,194.6232,223.66287,323.24108,413.96456,,35.021872,68.536033,,,37.196853,23.898065997527805,,,,,,,0.8997264799,0.8998114914999998,0.8997296888999999,0.8997608049999999,0.0003005891441,0.000470639777,107.51804063735567,129.80016461528731,68.50207312420004,,324.12446808815
A_wd,8x4_w_SF_wd1.25,ok,,1,0,,160.1222,0.0,160.1222,232.7739,337.0419,432.2776,,36.730309999999996,61.65277,,,35.71862,24.68636268620965,,,,,,,0.899781899,0.899845614,0.899779746,0.899789461,0.000236120006,0.000236120006,96.88665079920726,96.88665079920726,61.41504596671578,,35.37755990028381
A_wd,8x4_w_SF_wd1.5,ok,,1,0,,148.1895,0.0,148.1895,232.7732,337.04200000000003,434.5621,,36.7934,54.72973,,,35.97489,24.85856378025557,,,,,,,0.899776159,0.899839541,0.899771461,0.899773227,0.000224697594,0.000224697594,86.7321239614024,86.7321239614024,54.67920356318452,,34.97334432601929
A_wd,8x4_w_SF_wd1.5_mc10,ok,,10,0,,140.82667999999998,13.520293291404592,160.0976,223.65984999999998,323.241,418.15314,,35.20926,51.961074,,,37.622904000000005,24.400904302947716,,,,,,,0.8997121633999999,0.8997942938,0.8997104135999999,0.8997227565000001,0.0002669576798,0.000414940072,81.67757518408843,96.77323480074698,51.81852393102742,,323.9742178916931
A_wd,8x4_w_SF_wd2.0,ok,,1,0,,136.3044,0.0,136.3044,232.77210000000002,337.04200000000003,438.31399999999996,,36.8666,47.03299,,,36.561679999999996,25.132579390349495,,,,,,,0.899764655,0.899827324,0.899755207,0.899741073,0.000208193191,0.000208193191,75.76424289744703,75.76424289744703,46.96225042009764,,34.88926315307617
A_wd,8x4_w_SS_wd0.5,ok,,1,0,,320.9538,0.0,320.9538,264.9715,378.42359999999996,482.57599999999996,,40.71805,121.4218,,,31.78737,26.188166105237254,,,,,,,0.89979493,0.899870304,0.899811305,0.899856939,0.000190592317,0.000190592317,246.293447972095,246.293447972095,121.45709068013952,,35.61386728286743
A_wd,8x4_w_SS_wd0.75,ok,,1,0,,208.1132,0.0,208.1132,264.97810000000004,378.44350000000003,486.3633,,40.85739,89.60579999999999,,,30.94542,26.591290247158017,,,,,,,0.899788877,0.899864521,0.899804288,0.899844439,0.000158861329,0.000158861329,135.4693258269808,135.4693258269808,89.62714809333933,,35.271238565444946
A_wd,8x4_w_SS_wd1.0,ok,,1,0,,177.1243,0.0,177.1243,264.9798,378.4436,489.4984,,41.04311,72.21043,,,30.96685,26.768889179223542,,,,,,,0.899782786,0.899858641,0.899797336,0.899832006,0.000143980816,0.000143980816,106.51094128156201,106.51094128156201,71.96931696661328,,33.15823459625244
A_wd,8x4_w_SS_wd1.5,ok,,1,0,,150.9907,0.0,150.9907,264.9825,378.4437,494.25100000000003,,41.1924,55.278659999999995,,,31.296839999999996,27.88786533597667,,,,,,,0.899770474,0.899846612,0.89978409,0.899807799,0.000125169913,0.000125169913,82.32940227628967,82.32940227628967,55.16915923924479,,35.05952477455139
A_wd,8x4_w_SS_wd2.0,ok,,1,0,,141.02429999999998,0.0,141.02429999999998,264.9668,378.4438,497.9671,,41.311890000000005,48.27539,,,31.7871,28.41413591923612,,,,,,,0.899758058,0.899834302,0.899772307,0.899785057,0.000113161617,0.000113161617,73.16133166873402,73.16133166873402,48.204840402846834,,35.43985080718994
B_pre,16x16_r_SS_pre0.25,ok,,1,0,,696.4912,0.0,696.4912,282.0189,444.2955,743.0135,309.257,53.36894,,78.83338,52.65351,39.10966,30.226515928362268,-11.761566807722383,564.2537068843553,0.00368342803,0.89406872797,0.89406872797,5.97711635e-05,0.899254077,0.899576207,0.8992538,0.899575865,0.855187221,0.855187221,,,,8.36758939e-05,217.35875463485718
B_pre,16x16_r_SS_pre0.5,ok,,1,0,,698.727,0.0,698.727,282.05179999999996,444.0512,615.1923,179.9469,53.34301,,78.87783,53.43527,39.90484,31.01674605210678,-12.193943507919444,566.4960697722753,0.00293759063,0.8910636173700001,0.8910636173700001,0.000159074348,0.899652439,0.899802307,0.899652012,0.89980188,0.866875588,0.866875588,,,,8.36937944e-05,212.99099230766296
B_pre,16x16_r_SS_pre1.0,ok,,1,0,,705.4153,0.0,705.4153,282.02389999999997,443.9457,563.4131,119.7488,53.35615,,78.99891000000001,54.76153,41.50263,30.037599129847035,-11.749147853074872,573.0407523415367,0.00361885009,0.8938663879100001,0.8938663879100001,0.000423850643,0.899831177,0.899903634,0.899830988,0.899903445,0.882719819,0.882719819,,,,8.36964643e-05,215.4075858592987
B_pre,16x16_r_SS_pre2.0,ok,,1,0,,717.3696,0.0,717.3696,281.9067,444.0514,535.8226,81.56819,53.422399999999996,,78.91889,57.94702,44.74042,29.97839708099443,-12.650122258079481,585.014994844643,0.00288864423,0.89104820677,0.89104820677,0.000878388288,0.899916108,0.899951752,0.899916016,0.899951661,0.883799563,0.883799563,,,,8.36669624e-05,202.67081570625305
B_pre,16x16_r_SS_pre4.0,ok,,1,0,,739.9187,0.0,739.9187,281.9052,443.7669,533.505,52.88261,53.50883,,79.14911,64.75279,51.977529999999994,30.73684149138537,-12.119430281702872,607.2607665694034,0.00341747398,0.8925351620199999,0.8925351620199999,0.00172171834,0.899957534,0.899975214,0.899957489,0.899975169,0.885304926,0.885304926,,,,8.36736234e-05,209.05790996551514
B_pre,16x16_w_SS_pre0.25,ok,,1,0,,217.3305,0.0,217.3305,307.7187,463.4202,637.4094,,54.005939999999995,79.34617,,,73.97109999999999,32.06554927866883,,,,,,,0.89921115,0.899533989,0.899243473,0.899477491,0.000234638797,0.000234638797,132.57271355894082,132.57271355894082,79.35762082801418,,278.5493121147156
B_pre,16x16_w_SS_pre0.25_T2.5,ok,,1,0,,217.84459999999999,0.0,217.84459999999999,292.8789,447.3084,623.2262,,53.963589999999996,79.93855,,,270.26820000000004,30.429028588566304,,,,,,,0.898749341,0.899165922,0.898908138,0.89914245,0.000342831757,0.000342831757,132.97428665516708,132.97428665516708,79.92793683480463,,250.97754335403442
B_pre,16x16_w_SS_pre0.5,ok,,1,0,,220.9818,0.0,220.9818,307.7199,462.9305,563.6296,,53.995169999999995,82.36182000000001,,,74.66523,32.04036543236823,,,,,,,0.899632489,0.899782587,0.899647895,0.899756772,0.000245913795,0.000245913795,136.09125008469718,136.09125008469718,82.36182233665076,,260.07180976867676
B_pre,16x16_w_SS_pre0.5_T2.5,ok,,1,0,,221.2023,0.0,221.2023,292.89390000000003,447.1321,549.4318,,53.95487,83.01986,,,273.9617,30.442491311287114,,,,,,,0.899493238,0.899684999,0.899601625,0.899710677,0.000355020394,0.000355020394,136.82328284663464,136.82328284663464,82.99629046946515,,250.3223009109497
B_pre,16x16_w_SS_pre1.0,ok,,1,0,,227.7861,0.0,227.7861,307.7123,463.1529,536.9315,,54.03591,87.72283,,,76.77682,32.14124508860626,,,,,,,0.899821485,0.899894049,0.89982883,0.899881471,0.000268590724,0.000268590724,142.66950042028935,142.66950042028935,87.7500785257199,,272.0762233734131
B_pre,16x16_w_SS_pre1.0_T2.5,ok,,1,0,,227.89000000000001,0.0,227.89000000000001,292.8817,447.4429,522.7254,,53.93732,88.30599000000001,,,282.01030000000003,30.43014287289636,,,,,,,0.899759855,0.899852189,0.899807901,0.899860615,0.000379377209,0.000379377209,143.31496910443803,143.31496910443803,88.28492678990465,,246.66176414489746
B_pre,16x16_w_SS_pre2.0,ok,,1,0,,240.3089,0.0,240.3089,307.70939999999996,463.1531,526.098,,53.99778,97.36237,,,80.62566,32.121210099099855,,,,,,,0.899911349,0.899947038,0.899914837,0.899940734,0.000314383806,0.000314383806,155.0390569400011,155.0390569400011,97.36237189031385,,274.9962499141693
B_pre,16x16_w_SS_pre4.0,ok,,1,0,,265.54350000000005,0.0,265.54350000000005,307.6074,463.1443,540.3672,,53.94178,115.38929999999999,,,89.09092,32.09374170849126,,,,,,,0.89995516,0.899972867,0.899956621,0.899969467,0.000408316521,0.000408316521,180.07788459030908,180.07788459030908,115.42376910766862,,221.56333899497986
B_pre,256x8_r_SS_pre16.0,ok,,1,0,,1208.6019999999999,0.0,1208.6019999999999,301.38960000000003,527.7937999999999,584.9712,57.66392,47.779540000000004,,79.73685,249.3199,133.6784,33.21575237497234,-7.379671144758833,1081.085983332998,0.100242672,0.8021043339999999,0.8021043339999999,0.0775070672,0.899856022,0.899925705,0.89985601,0.899925693,0.89757505,0.89757505,,,,8.36749348e-05,1508.3450133800507
B_pre,256x8_r_SS_pre32.0,ok,,1,0,,1363.9850000000001,0.0,1363.9850000000001,301.3854,527.8397,587.5474,45.252919999999996,47.716280000000005,,77.54666,312.6695,160.5315,33.244044706651465,-7.296713402721385,1238.7222068060466,0.12818124,0.778905855,0.778905855,0.107858955,0.899927235,0.899962043,0.899927229,0.899962037,0.896335942,0.896335942,,,,8.35763339e-05,1494.4026327133179
B_pre,256x8_r_SS_pre4.0,ok,,1,0,,1081.148,0.0,1081.148,301.3855,527.3702,607.9571000000001,119.7403,47.79042,,76.72234999999999,207.7169,112.501,33.32220552469415,-7.3635330975590305,956.6355096817035,0.0805018198,0.8193775341999999,0.8193775341999999,0.0564790751,0.899425892,0.899706264,0.899425845,0.899706217,0.89400716,0.89400716,,,,8.36857351e-05,1556.6939344406128
B_pre,256x8_r_SS_pre8.0,ok,,1,0,,1129.1309999999999,0.0,1129.1309999999999,301.3918,527.3654,592.7312000000001,78.86480999999999,47.79504,,77.12553,220.6858,120.254,33.28666484797861,-7.431726865970958,1004.2100130098133,0.0862023595,0.8146161675,0.8146161675,0.0625789426,0.899713189,0.899852828,0.899713165,0.899852804,0.89517862,0.89517862,,,,8.36870404e-05,1448.048243522644
B_pre,256x8_w_SS_pre16.0,ok,,1,0,,225.7612,0.0,225.7612,313.31489999999997,533.8476,589.5026,,47.68859,54.92208,,,197.07909999999998,30.18458764922091,,,,,,,0.89984421,0.89991372,0.899845968,0.899904796,0.000480913384,0.000480913384,152.07223056956812,152.07223056956812,54.92207844358339,,1620.4207711219788
B_pre,256x8_w_SS_pre16.0_T3.8,ok,,1,0,,227.0353,0.0,227.0353,299.4561,521.53,577.912,,47.60673,55.55173,,,448.88300000000004,27.955599557152542,,,,,,,0.899833343,0.899911546,0.899845401,0.89990252,0.000575882569,0.000575882569,152.12282693420156,152.12282693420156,55.50012280625384,,1391.4183750152588
B_pre,256x8_w_SS_pre32.0,ok,,1,0,,239.02829999999997,0.0,239.02829999999997,313.31210000000004,533.8475,593.8345,,47.62853,64.36053,,,224.62400000000002,30.275876825322037,,,,,,,0.899921331,0.899956051,0.899922208,0.899951593,0.000556378535,0.000556378535,164.5863677186486,164.5863677186486,64.36052755753754,,1697.9978325366974
B_pre,256x8_w_SS_pre4.0,ok,,1,0,,215.0004,0.0,215.0004,313.3129,533.8480999999999,615.7659,,47.721430000000005,46.67554,,,175.1825,30.214439851627755,,,,,,,0.899378525,0.899658202,0.899385681,0.899622388,0.00042420128,0.00042420128,141.73882087776568,141.73882087776568,46.6755429625098,,1615.743995666504
B_pre,256x8_w_SS_pre4.0_T3.8,ok,,1,0,,216.7972,0.0,216.7972,300.0033,521.4433,604.104,,47.56767,47.05368,,,392.5736,28.437333175986694,,,,,,,0.899334805,0.899649139,0.899379718,0.899616337,0.000518019872,0.000518019872,142.68082831521295,142.68082831521295,47.05368305663793,,1487.4886751174927
B_pre,256x8_w_SS_pre8.0,ok,,1,0,,219.1112,0.0,219.1112,313.3157,533.8476,599.5441000000001,,47.709250000000004,49.712070000000004,,,182.9913,30.174999570266905,,,,,,,0.899689588,0.899828843,0.899693083,0.89981097,0.000443171209,0.000443171209,145.37094569277684,145.37094569277684,49.71207084378559,,1529.7226383686066
B_pre,256x8_w_SS_pre8.0_T3.8,ok,,1,0,,220.3851,0.0,220.3851,299.5611,521.2873000000001,586.2359,,47.599900000000005,50.22589,,,412.8989,29.039147131308553,,,,,,,0.899668042,0.899824542,0.899690091,0.899808206,0.000537574051,0.000537574051,145.9118660761073,145.9118660761073,50.19492274806792,,1415.3038833141327
B_pre,64x16_r_SS_pre1.0,ok,,1,0,,789.6003999999999,0.0,789.6003999999999,289.0182,480.63079999999997,608.8764,162.78730000000002,52.66354,,80.07741,84.54023000000001,67.78434,30.82567039010492,-11.21867926176426,656.7942026968697,0.00525490742,0.89228749958,0.89228749958,0.000408459372,0.89939543,0.899683192,0.899395272,0.899683034,0.887654527,0.887654527,,,,8.36025171e-05,641.1705887317657
B_pre,64x16_r_SS_pre2.0,ok,,1,0,,799.9232,0.0,799.9232,289.015,480.8959,562.2836,105.7054,52.6632,,79.61707,87.56226000000001,71.04548,30.728096517997862,-11.183219055564292,667.5878907264226,0.00585708294,0.89314035206,0.89314035206,0.000846365922,0.899701714,0.899843282,0.899701615,0.899843184,0.887783159,0.887783159,,,,8.36859e-05,579.4458570480347
B_pre,64x16_r_SS_pre4.0,ok,,1,0,,822.1016,0.0,822.1016,289.07149999999996,480.6386,549.7141,67.83174,52.6429,,79.80394,94.06838,78.39546,31.51184497242167,-11.890256643212533,689.654744770071,0.00606224064,0.8909275043599999,0.8909275043599999,0.00203374736,0.899851189,0.899921411,0.899851134,0.899921356,0.888443642,0.888443642,,,,8.36444645e-05,620.3165056705475
B_pre,64x16_r_SS_pre8.0,ok,,1,0,,863.2733,0.0,863.2733,288.83639999999997,480.63870000000003,542.3963,48.9709,52.54611,,78.58417,108.49810000000001,91.06748999999999,32.43557839421423,-12.364975571476421,732.1430354154406,0.00827442833,0.88997539467,0.88997539467,0.00478694571,0.899925037,0.89996001,0.899925014,0.899959986,0.88994289,0.88994289,,,,8.36955384e-05,615.2437975406647
B_pre,64x16_w_SS_pre1.0,ok,,1,0,,212.8854,0.0,212.8854,310.6417,496.14590000000004,592.4641,,52.49418,52.244139999999994,,,121.05860000000001,31.42447668763173,,,,,,,0.899349403,0.89963727,0.899359184,0.899595311,0.0003725959,0.0003725959,133.1256890048628,133.1256890048628,52.253471700903006,,708.9091522693634
B_pre,64x16_w_SS_pre2.0,ok,,1,0,,216.52200000000002,0.0,216.52200000000002,310.6401,496.14599999999996,557.5856,,52.48472,55.06039,,,124.61349999999999,31.402602712798082,,,,,,,0.899679059,0.899820661,0.899683812,0.899799973,0.000389553792,0.000389553792,136.89589192750114,136.89589192750114,55.08838403903678,,699.3890807628632
B_pre,64x16_w_SS_pre4.0,ok,,1,0,,222.613,0.0,222.613,310.3852,496.0485,559.3142,,52.64569,60.244080000000004,,,132.3219,31.04549462124155,,,,,,,0.899839929,0.899910171,0.899842216,0.899899835,0.000423713464,0.000423713464,143.22460951172718,143.22460951172718,60.24408388923674,,675.3478269577026
B_pre,64x16_w_SS_pre8.0,ok,,1,0,,236.1855,0.0,236.1855,310.37190000000004,496.059,556.6765,,52.61723,69.58529,,,146.2045,31.104187034381187,,,,,,,0.899919429,0.899954411,0.899920562,0.899949258,0.000491126288,0.000491126288,155.8696346323959,155.8696346323959,69.58529317771055,,653.251226902008
B_pre,8x4_r_SS_pre0.25,ok,,1,0,,661.2706000000001,0.0,661.2706000000001,259.7749,371.5874,651.7918999999999,268.66909999999996,40.318769999999994,,73.80441,45.727900000000005,23.30557,27.23549006592461,-3.6104588056969167,547.1328533664729,0.00376842645,0.89356567555,0.89356567555,0.000114759601,0.899577016,0.899739638,0.899576316,0.899738942,0.858678282,0.858678282,,,,8.37002447e-05,30.319074153900146
B_pre,8x4_r_SS_pre0.5,ok,,1,0,,664.7454,0.0,664.7454,259.7749,371.5874,547.6126,161.903,40.35977,,73.99171,46.42317,23.52598,26.99207629735955,-3.5284931327248668,550.3800069214358,0.00263808944,0.88937971456,0.88937971456,0.000255950514,0.899802743,0.899878389,0.899802481,0.899878128,0.870888144,0.870888144,,,,8.37002064e-05,29.97537064552307
B_pre,8x4_r_SS_pre1.0,ok,,1,0,,671.0009,0.0,671.0009,259.7643,371.5874,491.8382,103.44969999999999,40.36127,,73.83744,47.93699,24.0379,26.806791971749398,-3.506063421061794,556.7903114809615,0.00377939821,0.89366086679,0.89366086679,0.000540868103,0.899903861,0.899940432,0.899903745,0.899940317,0.880722782,0.880722782,,,,8.37008329e-05,29.639288187026978
B_pre,8x4_r_SS_pre2.0,ok,,1,0,,682.5365,0.0,682.5365,259.8603,371.5879,477.83050000000003,77.31536,40.2511,,73.90602,51.397600000000004,24.94267,26.79517742163376,-3.4017816194420822,568.3669176194037,0.00400033127,0.89427421673,0.89427421673,0.000918017197,0.899951861,0.899969851,0.899951816,0.899969807,0.881241203,0.881241203,,,,8.36998567e-05,30.090444564819336
B_pre,8x4_w_SS_pre0.25,ok,,1,0,,311.6861,0.0,311.6861,264.9716,378.44350000000003,527.5929,,40.755,116.3056,,,31.48256,26.05288623862796,,,,,,,0.899560532,0.899722601,0.899597447,0.899695524,0.000172010852,0.000172010852,237.71754226351075,237.71754226351075,116.44228995864896,,36.13668084144592
B_pre,8x4_w_SS_pre0.5,ok,,1,0,,320.9538,0.0,320.9538,264.9715,378.42359999999996,482.57599999999996,,40.71805,121.4218,,,31.78737,26.188166105237254,,,,,,,0.89979493,0.899870304,0.899811305,0.899856939,0.000190592317,0.000190592317,246.293447972095,246.293447972095,121.45709068013952,,36.10482907295227
B_pre,8x4_w_SS_pre1.0,ok,,1,0,,337.19460000000004,0.0,337.19460000000004,264.9704,378.4434,454.5625,,40.69999,130.8784,,,32.50382,26.17208240477481,,,,,,,0.899900055,0.89993649,0.899908174,0.899930238,0.000228254865,0.000228254865,262.75457370987243,262.75457370987243,130.91900722822544,,35.305667877197266
B_pre,8x4_w_SS_pre2.0,ok,,1,0,,368.39869999999996,0.0,368.39869999999996,264.9699,378.44419999999997,455.6195,,40.67893,148.4362,,,33.790459999999996,26.110773421737598,,,,,,,0.899949981,0.899967904,0.899953696,0.899964551,0.000301422378,0.000301422378,294.4208840801756,294.4208840801756,148.45551334531214,,35.254780530929565
C_wl,16x16_r_SS_wlinv1,ok,,1,0,,702.5046,0.0,702.5046,267.5917,438.48749999999995,539.1251,119.8117,59.813390000000005,,78.99860000000001,66.7248,40.00291,64.79186584121835,-21.534877811954512,563.537903612957,0.00298363248,0.89063905952,0.89063905952,0.000404143083,0.899831151,0.899903621,0.899831004,0.899903473,0.88151143,0.88151143,,,,8.36939208e-05,200.40583848953247
C_wl,16x16_r_SS_wlinv2,ok,,1,0,,704.1409,0.0,704.1409,273.82980000000003,440.8067,549.1609,119.7659,53.1314,,78.88611999999999,58.57959999999999,40.5825,39.33304988991617,-13.834743306172008,571.9840298918936,0.00369918437,0.8940399216299999,0.8940399216299999,0.000423594213,0.899831169,0.89990363,0.899830997,0.899903458,0.882109079,0.882109079,,,,8.3675941e-05,204.40896034240723
C_wl,16x16_r_SS_wlinv4,ok,,1,0,,705.4153,0.0,705.4153,282.02389999999997,443.9457,563.4131,119.7488,53.35615,,78.99891000000001,54.76153,41.50263,30.037599129847035,-11.749147853074872,573.0407523415367,0.00361885009,0.8938663879100001,0.8938663879100001,0.000423850643,0.899831177,0.899903634,0.899830988,0.899903445,0.882719819,0.882719819,,,,8.36964643e-05,215.57151627540588
C_wl,16x16_r_SS_wlinv8,ok,,1,0,,703.6676,0.0,703.6676,272.4586,447.97139999999996,548.4971999999999,119.7517,52.16435,,78.91389,53.44206,43.44211,27.740858827340222,-12.363331028165538,572.5235693397713,0.00346450589,0.89326197811,0.89326197811,0.000420635201,0.899831178,0.899903632,0.899831012,0.899903468,0.882689535,0.882689535,,,,8.36916251e-05,204.17868089675903
C_wl,16x256_r_SS_wlinv128,ok,,1,0,,805.1666,0.0,805.1666,287.6632,484.19679999999994,635.7469000000001,120.19749999999999,106.7646,,81.72621,61.7746,337.18510000000003,59.64326091796333,-67.13731651414044,616.6757280969124,0.00274436888,0.8918946991200001,0.8918946991200001,0.000361095205,0.899831077,0.899903532,0.899830882,0.899903338,0.882738903,0.882738903,,,,8.36926259e-05,2287.4798259735107
C_wl,16x256_r_SS_wlinv16,ok,,1,0,,804.1894,0.0,804.1894,284.9008,454.2951,633.3859,120.27380000000001,87.75249,,81.2026,68.52899000000001,307.3914,75.95137771337818,-47.74542526617199,635.2342856780632,0.00329737525,0.89490170675,0.89490170675,0.000382874087,0.899831054,0.89990352,0.899830842,0.899903309,0.881260789,0.881260789,,,,8.36848392e-05,2359.412086725235
C_wl,16x256_r_SS_wlinv32,ok,,1,0,,807.2147,0.0,807.2147,284.0215,461.1732,632.3706000000001,120.229,85.74762,,81.51111,62.40484,312.2516,56.31874136355,-46.11545895015589,639.9560093878038,0.00328832265,0.89542451435,0.89542451435,0.000386294621,0.899831067,0.899903527,0.899830859,0.899903319,0.881897962,0.881897962,,,,8.36992899e-05,2289.1961719989777
C_wl,16x256_r_SS_wlinv64,ok,,1,0,,806.1407,0.0,806.1407,286.5609,470.64680000000004,635.7092,120.2096,92.71752,,81.30302,60.570429999999995,320.6944,53.80712810232947,-52.76609302607211,632.1201172115843,0.00252866077,0.89190965823,0.89190965823,0.000363187278,0.899831073,0.89990353,0.899830866,0.899903323,0.882323945,0.882323945,,,,8.37001398e-05,2299.0053408145905
C_wl,16x256_r_SS_wlinv64_nand16,ok,,1,0,,805.3718,0.0,805.3718,292.0095,503.20459999999997,641.5938,120.2093,67.45365,,81.21583,56.95264,330.0616,38.58871636930293,-26.63053622796693,656.7023197406553,0.00281514396,0.89421817104,0.89421817104,0.000376239978,0.899831073,0.89990353,0.899830835,0.899903293,0.88230799,0.88230799,,,,8.36745629e-05,2429.179555416107
C_wl,16x256_r_SS_wlinv64_nand4,ok,,1,0,,806.506,0.0,806.506,284.8977,454.3271,633.2154,120.2099,141.0394,,81.70533,68.01342,316.4021,83.1173402604843,-100.95189441477386,583.761281182937,0.00382902685,0.8945758191500001,0.8945758191500001,0.000386050016,0.899831073,0.89990353,0.89983085,0.899903307,0.882424877,0.882424877,,,,8.36791028e-05,2225.275012731552
C_wl,16x256_w_SF_wlinv16,ok,,1,0,,298.43649999999997,0.0,298.43649999999997,331.9257,500.72760000000005,614.6,,77.99506,87.22121,,,1076.25,70.69134881217144,,,,,,,0.899831134,0.899893514,0.899831733,0.899871437,0.000450053224,0.000450053224,193.6860145565763,193.6860145565763,87.22282034912377,,3554.8983070850372
C_wl,16x256_w_SF_wlinv32,ok,,1,0,,297.37489999999997,0.0,297.37489999999997,331.10110000000003,506.65,615.1405,,76.59868,87.26435,,,1089.5729999999999,53.247349832418976,,,,,,,0.899831146,0.899893521,0.899831989,0.899871686,0.000455597181,0.000455597181,193.3558552565663,193.3558552565663,87.28249901493056,,3465.147614955902
C_wl,16x256_w_SF_wlinv64,ok,,1,0,,295.825,0.0,295.825,333.23789999999997,514.5303,617.3552000000001,,83.07175000000001,87.55001999999999,,,1101.275,50.61387273842585,,,,,,,0.899831152,0.899893524,0.899832067,0.89987176,0.000451659446,0.000451659446,184.98388443822583,184.98388443822583,87.56422692505211,,3343.715204000473
C_wl,64x64_r_SS_wlinv16,ok,,1,0,,880.7845,0.0,880.7845,295.257,490.0851,585.2,68.55088,66.82781,,81.27817999999999,96.25888,211.0119,39.6840127251704,-26.128854779314167,732.6785374012832,0.00509472267,0.89273062433,0.89273062433,0.00167939418,0.899851167,0.899921388,0.899851118,0.89992134,0.88919217,0.88919217,,,,8.3680819e-05,2089.530055999756
C_wl,64x64_r_SS_wlinv32,ok,,1,0,,881.9018,0.0,881.9018,299.4617,496.98359999999997,588.8669,68.38643,71.97107,,82.10993,95.78336,225.84189999999998,39.309714319986,-31.68943137464314,727.8207621103079,0.00543929371,0.89335083129,0.89335083129,0.00169702195,0.89985117,0.89992139,0.89985112,0.89992134,0.889187599,0.889187599,,,,8.36558733e-05,2213.469238758087
C_wl,64x64_r_SS_wlinv4,ok,,1,0,,883.4255,0.0,883.4255,289.648,481.34560000000005,578.6385,68.87139,71.27719,,81.22181,106.44850000000001,196.9592,65.78133273647857,-30.06929465638498,730.926525099922,0.00524955269,0.8915609703099999,0.8915609703099999,0.0016563411,0.899851147,0.899921378,0.899851101,0.899921333,0.889437611,0.889437611,,,,8.35667574e-05,2027.156981229782
C_wl,64x64_r_SS_wlinv8,ok,,1,0,,881.9427,0.0,881.9427,290.8587,485.12410000000006,579.2321999999999,68.79255,65.57623000000001,,81.41171,99.09491,202.6474,45.32083589108331,-25.080025754848307,734.9547795747552,0.00493871791,0.89209634109,0.89209634109,0.00165730129,0.89985116,0.899921385,0.899851115,0.89992134,0.888835897,0.888835897,,,,8.36771203e-05,2200.9302639961243
C_wl,8x4_r_SS_wlinv0.5,ok,,1,0,,664.3886,0.0,664.3886,256.8627,369.8778,542.6751999999999,161.9334,44.14559,,73.92909,50.8193,23.3105,39.085703547106384,-7.246553783652838,546.2473913541791,0.00395229475,0.89384208425,0.89384208425,0.00027292834,0.899802726,0.899878381,0.899802559,0.899878213,0.870598913,0.870598913,,,,8.3697964e-05,29.937934398651123
C_wl,8x4_r_SS_wlinv1,ok,,1,0,,664.7454,0.0,664.7454,259.7749,371.5874,547.6126,161.903,40.35977,,73.99171,46.42317,23.52598,26.99207629735955,-3.5284931327248668,550.3800069214358,0.00263808944,0.88937971456,0.88937971456,0.000255950514,0.899802743,0.899878389,0.899802481,0.899878128,0.870888144,0.870888144,,,,8.37002064e-05,28.810728788375854
C_wl,8x4_r_SS_wlinv2,ok,,1,0,,665.2332,0.0,665.2332,263.4144,373.90749999999997,553.7956,161.7926,40.39389,,73.77565,44.645880000000005,23.92115,23.704839281990978,-2.687657901071006,550.8668742027431,0.00332616635,0.8919579986499999,0.8919579986499999,0.000266075914,0.899802741,0.899878384,0.899802461,0.899878105,0.871295154,0.871295154,,,,8.36958324e-05,27.96258234977722
D_rep,16x16_r_FFm40_K1N1,ok,,1,0,,80.1366,0.0,80.1366,87.65559,132.85389999999998,169.6849,28.47119,13.804210000000001,,20.8471,14.841239999999999,45.966,15.474493850556868,-7.129740629200553,44.48110433962914,0.0904288485,0.8998793705,0.8998793705,0.00219105151,0.999987129,0.999989625,0.999987126,0.999989622,0.980357582,0.980357582,,,,1.11684663e-05,172.04204678535461
D_rep,16x16_r_FFm40_K1N5,ok,,1,0,,139.6355,0.0,139.6355,87.68825,132.83360000000002,169.6561,28.463140000000003,13.79545,,20.15029,14.84794,48.273450000000004,15.449310756247819,-7.186501558217582,104.57217151471136,0.00223953275,0.98892041225,0.98892041225,0.000119726861,0.999987129,0.999989625,0.999987125,0.999989621,0.980477197,0.980477197,,,,1.11689997e-05,194.6649603843689
D_rep,16x16_r_FFm40_K1N9,ok,,1,0,,200.08020000000002,0.0,200.08020000000002,87.6978,132.8003,169.58350000000002,28.45927,13.82742,,20.23703,14.841199999999999,51.03369,15.426587200806875,-7.193504537661514,164.96020947434712,0.000525136059,0.991486036941,0.991486036941,0.00010436521,0.99998713,0.999989626,0.999987125,0.999989621,0.980350728,0.980350728,,,,1.11684125e-05,217.2562072277069
D_rep,16x16_r_FFm40_K2N1,ok,,1,0,,75.01447,0.0,75.01447,87.65559,132.85389999999998,169.6711,28.47119,13.80439,,22.20631,14.84086,45.88542,15.469249739067859,-6.17862584515323,37.95519496846285,0.0717407148,0.9147995322,0.9147995322,0.00029003914,0.999987129,0.999989625,0.999987127,0.999989623,0.980557653,0.980557653,,,,1.11689762e-05,175.7534511089325
D_rep,16x16_r_FFm40_K2N5,ok,,1,0,,133.4407,0.0,133.4407,87.68825,132.83360000000002,169.6997,28.46313,13.79606,,20.354119999999998,14.84084,48.38147,15.45253513954641,-6.21027551191293,98.23516598121874,0.0010511092,0.9868133348,0.9868133348,0.000172787932,0.999987129,0.999989625,0.999987125,0.999989621,0.98030385,0.98030385,,,,1.11687503e-05,192.10858845710754
D_rep,16x16_r_FFm40_K2N9,ok,,1,0,,193.34459999999999,0.0,193.34459999999999,87.6978,132.8003,169.6027,28.45927,13.82703,,20.18483,14.841009999999999,50.96781,15.422243688716387,-6.207017128700256,158.2820637714308,0.000252238437,0.988482972563,0.988482972563,0.000155826301,0.99998713,0.999989626,0.999987125,0.999989621,0.980373342,0.980373342,,,,1.1169072e-05,209.57838344573975
D_rep,16x16_r_FFm40_K4N1,ok,,1,0,,73.69309000000001,0.0,73.69309000000001,87.65559,132.85389999999998,169.67849999999999,28.47122,13.8055,,23.17929,14.796050000000001,45.933409999999995,15.470176848991244,-3.6910211298426994,35.58822123625638,0.248578235,0.738922721,0.738922721,0.00028313203,0.999987129,0.999989625,0.999987126,0.999989622,0.980769445,0.980769445,,,,1.11684014e-05,171.9520366191864
D_rep,16x16_r_FFm40_K4N5,ok,,1,0,,130.5038,0.0,130.5038,87.68825,132.83360000000002,169.6989,28.46313,13.79453,,20.06277,14.799679999999999,48.44566,15.44908605963402,-3.6941052183148844,95.54850830972872,0.00378528276,0.98909278924,0.98909278924,0.000134547025,0.999987129,0.999989625,0.999987125,0.999989621,0.980455803,0.980455803,,,,1.11690352e-05,191.55736470222473
D_rep,16x16_r_SS_K1N1,ok,,1,0,,317.05899999999997,0.0,317.05899999999997,281.9711,443.7228,563.3265,119.751,53.36477,,87.68009,54.76035,38.088640000000005,30.029114962508075,-11.724731065876622,175.99502463417593,0.0613490178,0.8298568922,0.8298568922,0.00312236157,0.899831184,0.899903641,0.899830999,0.899903456,0.876822175,0.876822175,,,,8.36943599e-05,173.8124716281891
D_rep,16x16_r_SS_K1N5,ok,,1,0,,507.2374,0.0,507.2374,281.995,443.9409,563.3422,119.753,53.36063,,79.27434,54.76315,39.81545,30.017724270951508,-11.727577306709742,374.582994093647,0.00805942361,0.88961317339,0.88961317339,0.000492289002,0.899831181,0.899903638,0.899830984,0.899903441,0.881735607,0.881735607,,,,8.36961747e-05,190.41037678718567
D_rep,16x16_r_SS_K1N9,ok,,1,0,,705.4153,0.0,705.4153,282.02389999999997,443.9457,563.4131,119.7488,53.35615,,78.99891000000001,54.76153,41.50263,30.037599129847035,-11.749147853074872,573.0407523415367,0.00361885009,0.8938663879100001,0.8938663879100001,0.000423850643,0.899831177,0.899903634,0.899830988,0.899903445,0.882719819,0.882719819,,,,8.36964643e-05,213.91458463668823
D_rep,16x16_r_SS_K2N1,ok,,1,0,,298.33430000000004,0.0,298.33430000000004,281.9711,443.7228,563.3175,119.7511,53.36539,,92.78927,54.75916,38.125679999999996,30.031541264254972,-9.783142376318953,152.15915375874403,0.12168321,0.7700751779999999,0.7700751779999999,0.000705208784,0.899831184,0.899903641,0.899830999,0.899903456,0.875741649,0.875741649,,,,8.36962528e-05,167.68350434303284
D_rep,16x16_r_SS_K2N1_matched,ok,,1,0,,310.8346,0.0,310.8346,282.9319,443.9432,565.3167,119.7443,53.85404,,89.12858999999999,54.727450000000005,38.91939,31.0293733873612,2.033749453518784,167.85899303005866,0.0782725304,0.8141250496,0.8141250496,0.000622280207,0.899831185,0.899903642,0.899830995,0.899903453,0.876940996,0.876940996,,,,8.36974764e-05,179.48157858848572
D_rep,16x16_r_SS_K2N1_matched_T1.0,ok,,1,1,"bl_recovered,out_fell,precharge_fired,sa_resolved,sen_fired",308.4174,0.0,308.4174,267.0649,425.0804,547.4302,120.36500000000001,53.49183,,88.89029000000001,54.786100000000005,314.4714,30.325203185996514,1.3634991974134962,,,,,,0.890290171,0.89134038,0.706085122,0.857831825,0.881277418,0.881277418,,,,0.899727526,134.68879795074463
D_rep,16x16_r_SS_K2N1_matched_T1.2,ok,,1,0,,309.20099999999996,0.0,309.20099999999996,267.0752,425.5576,548.2944,120.4629,53.82714,,88.68099,54.75802,278.0417,31.789022743257366,1.8429086785500233,166.94450599635059,0.0818657109,0.8120421121000001,0.8120421121000001,0.000681075181,0.898867634,0.898980244,0.877958258,0.882107167,0.876540607,0.876540607,,,,0.288617457,148.81028032302856
D_rep,16x16_r_SS_K2N1_matched_mc10,ok,,10,0,,296.9432,26.53859830352764,337.97630000000004,271.9640099999999,425.53381,543.5618800000001,115.68589,51.203387,,85.525732,51.96019700000001,40.655846000000004,30.648031706023332,1.6777421395059233,160.20460612126752,0.08363381356,0.8074452144400001,0.7898542690000001,0.0007128934530999999,0.8997729849,0.8998730753,0.8997728245000001,0.8998729151000001,0.8770322233,0.879540595,,,,9.612869761e-05,1671.664219379425
D_rep,16x16_r_SS_K2N5,ok,,1,0,,482.9906,0.0,482.9906,281.995,443.9409,563.5693,119.753,53.36125,,79.35127,54.76223,39.88414,30.018491370587363,-9.787096407276389,350.25729928575845,0.00854865098,0.88656101702,0.88656101702,0.000302809174,0.899831181,0.899903637,0.899830984,0.899903441,0.880528635,0.880528635,,,,8.36769406e-05,189.13603138923645
D_rep,16x16_r_SS_K2N9,ok,,1,0,,682.3193,0.0,682.3193,282.02389999999997,443.9457,563.4984,119.7488,53.35678,,78.86518000000001,54.76086,41.52821,30.02987408405475,-9.804727270298898,550.0763794637122,0.0035387145,0.8923617375,0.8923617375,0.000253740868,0.899831177,0.899903634,0.899830983,0.89990344,0.88254276,0.88254276,,,,8.36889625e-05,212.14124155044556
D_rep,16x16_r_SS_K4N1,ok,,1,0,,292.068,0.0,292.068,281.9711,443.7228,563.4096,119.7514,53.36544,,95.55402000000001,54.76468,38.230540000000005,30.00364743972176,-6.179681375854367,143.12874452282577,0.155089009,0.735149705,0.735149705,0.000461258802,0.899831184,0.899903641,0.899830999,0.899903456,0.874980371,0.874980371,,,,8.36876143e-05,163.72031998634338
D_rep,16x16_r_SS_K4N5,ok,,1,0,,474.0648,0.0,474.0648,281.995,443.9409,563.7412999999999,119.7533,53.36134,,79.27042,54.76085,39.96487,30.028394303003694,-6.189386510576148,341.41418078503364,0.00936678207,0.88657993293,0.88657993293,0.000231570178,0.899831181,0.899903638,0.89983099,0.899903447,0.881117909,0.881117909,,,,8.36935636e-05,189.77258110046387
D_rep,16x16_r_SS_boxslow_K1N9,ok,,1,0,,711.3221,0.0,711.3221,282.024,444.05129999999997,560.5574,116.6777,51.68404,,79.29392,64.68069,40.70695,27.51789455334703,-10.60846934948928,580.2696621779102,0.00444391645,0.89086080955,0.89086080955,0.000545926071,0.899862558,0.899919503,0.899862365,0.899919311,0.882690638,0.882690638,,,,8.36725579e-05,261.0634922981262
D_rep,16x16_r_SS_boxslow_K2N1_matched,ok,,1,0,,316.0915,0.0,316.0915,282.932,443.9933,562.5779,116.8856,52.19833,,94.16347,64.67323,38.01798,27.519694728524605,2.0246368974319995,169.7104312051532,0.13807455,0.752160182,0.752160182,0.0009147767,0.899862569,0.899919515,0.89986238,0.899919326,0.874520482,0.874520482,,,,8.3689601e-05,180.20232796669006
D_rep,16x16_r_SS_boxslow_K2N5,ok,,1,0,,484.9667,0.0,484.9667,281.9951,444.03180000000003,560.5722999999999,116.67450000000001,51.68979,,79.52587,64.68126,38.97949,27.57775608676276,-9.049294519320743,353.6756827501015,0.0136494906,0.8828972864,0.8828972864,0.000404752037,0.899862561,0.899919507,0.899862368,0.899919314,0.880189851,0.880189851,,,,8.3697118e-05,224.9132685661316
D_rep,16x16_r_SS_boxslow_K4N1,ok,,1,0,,295.9186,0.0,295.9186,281.9711,443.9502,560.3242,116.87180000000001,51.693389999999994,,100.2041,64.67612,37.32971,27.563094166442745,-6.105334174580553,143.9437240204628,0.250325604,0.6350655629999999,0.6350655629999999,0.000573261602,0.899862568,0.899919514,0.899862384,0.89991933,0.87095776,0.87095776,,,,8.36942958e-05,189.01727199554443
D_rep,16x16_r_SS_rwl_and2,ok,,1,0,,705.4153,0.0,705.4153,282.02389999999997,443.9457,563.4131,119.7488,53.35615,,78.99891000000001,54.76153,41.50263,30.037599129847035,-11.749147853074872,573.0407523415367,0.00361885009,0.8938663879100001,0.8938663879100001,0.000423850643,0.899831177,0.899903634,0.899830988,0.899903445,0.882719819,0.882719819,,,,8.36964643e-05,215.41574478149414
D_rep,16x16_r_SS_rwl_matched,ok,,1,0,,724.774,0.0,724.774,283.0032,443.9252,565.4356,119.7675,53.85534,,79.06457,54.76213,42.35596,31.182757435501646,1.6226586793682058,591.8708957770459,0.00352985342,0.89451624758,0.89451624758,0.000425093737,0.899831173,0.89990363,0.899830979,0.899903436,0.882876096,0.882876096,,,,8.36819894e-05,220.98578453063965
D_rep,16x16_r_TT_K1N1,ok,,1,0,,129.5361,0.0,129.5361,131.9989,200.9152,257.45160000000004,48.89686,22.132270000000002,,34.16096,22.214290000000002,45.352129999999995,17.346745405820624,-7.393735258697122,73.0459772891043,0.0937630003,0.8979269667,0.8979269667,0.00343729802,0.999967811,0.999978242,0.999967789,0.999978221,0.97961021,0.97961021,,,,2.12750504e-05,163.81280851364136
D_rep,16x16_r_TT_K1N5,ok,,1,0,,217.5608,0.0,217.5608,132.0316,200.82479999999998,257.4762,48.91006,22.27645,,32.43931,22.15322,47.8352,16.872560285378132,-7.4002609315597585,162.87948483132487,0.00498351265,0.98845083435,0.98845083435,0.000222646954,0.99996781,0.999978241,0.999967786,0.999978217,0.979418943,0.979418943,,,,2.12814524e-05,176.1639106273651
D_rep,16x16_r_TT_K1N9,ok,,1,0,,307.7731,0.0,307.7731,132.0966,200.7309,257.4796,48.917030000000004,22.29177,,32.58992,22.15282,49.9556,16.946847225143078,-7.373613172276836,252.9120696000644,0.00174690931,0.99180024669,0.99180024669,0.000204993181,0.999967807,0.999978238,0.999967785,0.999978216,0.979402008,0.979402008,,,,2.1279686e-05,205.52142095565796
D_rep,16x16_r_TT_K2N1,ok,,1,0,,121.55510000000001,0.0,121.55510000000001,131.9988,200.9152,257.4245,48.89686,22.13167,,36.30085,22.20316,45.47316,17.28540541033137,-5.582365930550876,63.01836094578362,0.163413995,0.824959038,0.824959038,0.000493120513,0.999967811,0.999978242,0.99996779,0.999978221,0.977842637,0.977842637,,,,2.12796225e-05,160.8999264240265
D_rep,16x16_r_TT_K2N1_matched,ok,,1,0,,126.7295,0.0,126.7295,132.56019999999998,200.6984,258.447,48.917289999999994,22.41969,,34.62714,22.1528,46.34671,17.425174426183695,0.6249190002036895,69.64984589148986,0.0933542002,0.8928939048000001,0.8928939048000001,0.00041076822,0.999967815,0.999978246,0.999967793,0.999978224,0.979382001,0.979382001,,,,2.127494e-05,160.8655822277069
D_rep,16x16_r_TT_K2N5,ok,,1,0,,207.6345,0.0,207.6345,132.0316,200.82479999999998,257.4763,48.91006,22.27622,,32.530359999999995,22.15295,47.62165,16.83044121577779,-5.575562051258578,152.72486289710622,0.00550088075,0.98749218425,0.98749218425,0.000174617203,0.99996781,0.999978241,0.999967791,0.999978222,0.979301463,0.979301463,,,,2.127982e-05,179.68305277824402
D_rep,16x16_r_TT_K2N9,ok,,1,0,,297.5722,0.0,297.5722,132.0966,200.7309,257.5435,48.917030000000004,22.29155,,32.54842,22.15245,49.98147,16.914129486629886,-5.468758844265151,242.7813018271368,0.00209279773,0.99182533827,0.99182533827,0.000138318227,0.999967807,0.999978238,0.999967786,0.999978218,0.979374673,0.979374673,,,,2.12776569e-05,202.39546060562134
D_rep,16x16_r_TT_K4N1,ok,,1,0,,119.2591,0.0,119.2591,131.9988,200.9152,257.51619999999997,48.89692,22.13159,,37.53796,22.145229999999998,45.53563,16.73223984071423,-2.5042185396181322,59.425755365702216,0.155881569,0.82564116,0.82564116,0.000345933564,0.999967811,0.999978242,0.999967795,0.999978227,0.979320305,0.979320305,,,,2.12781703e-05,160.5884292125702
D_rep,16x16_r_TT_K4N5,ok,,1,0,,204.0546,0.0,204.0546,132.0316,200.82479999999998,257.5392,48.91011,22.2793,,32.49389,22.15081,47.78145,17.026630961092028,-2.6030576188215937,149.0971878576253,0.00394800513,0.98298893687,0.98298893687,0.000167976142,0.99996781,0.999978241,0.999967788,0.999978219,0.97928385,0.97928385,,,,2.12766632e-05,149.99376606941223
D_rep,16x256_r_SS_K2N1_and2,ok,,1,0,,388.1091,0.0,388.1091,286.5558,470.6626,635.7271000000001,120.2977,92.74704,,86.62093,60.563359999999996,318.10999999999996,54.07782190846252,-50.53663251532782,208.7411266947932,0.0425589495,0.8534739225000001,0.8534739225000001,0.000399746285,0.899831091,0.899903548,0.899830887,0.899903344,0.878375098,0.878375098,,,,8.36786388e-05,1541.3299553394318
D_rep,16x256_r_SS_K2N1_matched,ok,,1,0,,441.13100000000003,0.0,441.13100000000003,288.199,471.006,639.6223,120.36470000000001,93.66459,,82.39932999999999,60.562149999999995,331.60859999999997,52.98767405111085,0.09404993634120917,265.058001153465,0.0193423915,0.8769656905000001,0.8769656905000001,0.000365716144,0.899831093,0.89990355,0.899830885,0.899903342,0.879614002,0.879614002,,,,8.36975465e-05,1838.8368260860443
D_rep,16x256_r_SS_rwl_and2,ok,,1,0,,806.1407,0.0,806.1407,286.5609,470.64680000000004,635.7092,120.2096,92.71752,,81.30302,60.570429999999995,320.6944,53.80712810232947,-52.76609302607211,632.1201172115843,0.00252866077,0.89190965823,0.89190965823,0.000363187278,0.899831073,0.89990353,0.899830866,0.899903323,0.882323945,0.882323945,,,,8.37001398e-05,2197.0474479198456
D_rep,16x256_r_SS_rwl_matched,ok,,1,0,,868.6744,0.0,868.6744,288.2024,471.018,639.9014999999999,120.35510000000001,93.66477,,81.24449,60.56185000000001,334.79240000000004,52.97864742589452,0.04334298941245471,693.7560917430876,0.00254350194,0.89416012706,0.89416012706,0.000373567697,0.899831079,0.899903535,0.899830845,0.899903301,0.882143847,0.882143847,,,,8.36877075e-05,2627.1108989715576
D_rep,256x8_r_FFm40_K2N1_matched,ok,,1,0,,165.0527,0.0,165.0527,89.52665,158.1381,178.5848,13.4848,12.40225,,33.69296,68.82082,142.92880000000002,14.998254306225249,0.6242056823739199,117.95707514872105,0.577915718,0.4629351920000001,0.4629351920000001,0.155530782,0.999992582,0.999994572,0.999992582,0.999994571,0.999949748,0.999949748,,,,1.11674243e-05,2982.8234491348267
D_rep,256x8_r_SS_K1N9,ok,,1,0,,1208.6019999999999,0.0,1208.6019999999999,301.38960000000003,527.7937999999999,584.9712,57.66392,47.779540000000004,,79.73685,249.3199,133.6784,33.21575237497234,-7.379671144758833,1081.085983332998,0.100242672,0.8021043339999999,0.8021043339999999,0.0775070672,0.899856022,0.899925705,0.89985601,0.899925693,0.89757505,0.89757505,,,,8.36749348e-05,1457.8678941726685
D_rep,256x8_r_SS_K2N1_matched,ok,,1,0,,610.6373000000001,0.0,610.6373000000001,301.4244,527.7977,584.7723000000001,57.66172,47.78845,,119.6445,249.07059999999998,130.77870000000001,33.234244451808884,3.864187500066088,443.2042965135181,0.523366487,0.43513868,0.43513868,0.153098978,0.899856022,0.899925706,0.89985601,0.899925694,0.899389714,0.899389714,,,,8.36675072e-05,1181.8461513519287
D_rep,256x8_r_SS_K2N5,ok,,1,0,,768.0893,0.0,768.0893,301.39099999999996,527.7986999999999,582.9304,57.66108,47.78062,,92.07178,249.3342,132.075,33.22852181908837,-5.227582480513616,628.2369283565522,0.363088676,0.571231845,0.571231845,0.0471182588,0.899856022,0.899925705,0.89985601,0.899925693,0.899389233,0.899389233,,,,8.36899725e-05,1307.2451701164246
D_rep,256x8_r_SS_K4N1,ok,,1,0,,492.1446,0.0,492.1446,301.3924,527.8041000000001,582.8186000000001,57.65751,47.784549999999996,,149.4641,248.99560000000002,130.79930000000002,33.216510213598276,-1.379659086209012,294.8959306101745,0.667847174,0.30240272599999996,0.30240272599999996,0.0624205228,0.899856022,0.899925706,0.899856011,0.899925694,0.899386683,0.899386683,,,,8.34556394e-05,1192.9389007091522
D_rep,256x8_r_SS_rwl_and2,ok,,1,0,,1208.6019999999999,0.0,1208.6019999999999,301.38960000000003,527.7937999999999,584.9712,57.66392,47.779540000000004,,79.73685,249.3199,133.6784,33.21575237497234,-7.379671144758833,1081.085983332998,0.100242672,0.8021043339999999,0.8021043339999999,0.0775070672,0.899856022,0.899925705,0.89985601,0.899925693,0.89757505,0.89757505,,,,8.36749348e-05,1431.7223286628723
D_rep,256x8_r_SS_rwl_matched,ok,,1,0,,1223.764,0.0,1223.764,301.4216,527.7882999999999,585.1799,57.66657,47.786339999999996,,77.08037,249.0535,134.0791,33.211225462287366,2.993915725763693,1098.8969578806802,0.0973378119,0.8057220341,0.8057220341,0.078421403,0.899856022,0.899925705,0.89985601,0.899925693,0.896998337,0.896998337,,,,8.36118101e-05,1604.3245000839233
D_rep,512x4_r_SS_K1N9,ok,,1,0,,1682.567,0.0,1682.567,309.9584,539.7805000000001,599.3805,56.34991,44.84956,,75.59237,452.31899999999996,156.28730000000002,27.703051806391187,-3.863764751934062,1562.1247639193489,0.211000591,0.70104912,0.70104912,0.19023067,0.899856821,0.899926417,0.899856815,0.899926411,0.899403479,0.899403479,,,,8.35611148e-05,1909.2877712249756
D_rep,512x4_r_SS_K2N1_matched,ok,,1,0,,879.6238,0.0,879.6238,309.96029999999996,540.0251000000001,598.9032,56.31485,44.86439,,133.6756,451.375,153.1683,27.69801080941261,5.106446204788542,701.0837986073002,0.587452176,0.380650972,0.380650972,0.255022489,0.899856822,0.899926418,0.899856815,0.899926411,0.899403084,0.899403084,,,,8.32629691e-05,1696.165001153946
D_rep,512x4_r_SS_K2N5,ok,,1,0,,1036.8529999999998,0.0,1036.8529999999998,309.95980000000003,539.7785,598.9488,56.32521,44.86016,,110.6347,451.37940000000003,154.5302,27.69956736628936,-1.6154218011511545,881.3582125445263,0.497454851,0.459954353,0.459954353,0.14463125,0.899856821,0.899926417,0.899856815,0.899926411,0.899403211,0.899403211,,,,8.34833289e-05,1804.7367522716522
D_rep,512x4_r_SS_K4N1,ok,,1,0,,658.5509999999999,0.0,658.5509999999999,309.9613,540.0374999999999,598.808,56.29891,44.87097,,174.41729999999998,441.353,153.23149999999998,27.69741526554522,1.836515269839914,439.2627051048931,0.722330419,0.25302551500000003,0.25302551500000003,0.153676415,0.899856822,0.899926418,0.899856815,0.899926411,0.899402901,0.899402901,,,,8.34188276e-05,1654.3521883487701
D_rep,64x16_r_SS_K2N1_matched,ok,,1,0,,383.9221,0.0,383.9221,289.3059,480.57529999999997,550.3803,67.8274,52.70937,,99.93173999999999,94.04548,75.81562,30.864337580587215,2.2415177245182965,231.28097141077765,0.300052609,0.61515903,0.61515903,0.0135023416,0.899851188,0.89992141,0.899851145,0.899921367,0.893357764,0.893357764,,,,8.35784088e-05,401.34090209007263
D_rep,8x4_r_SS_K2N1_matched,ok,,1,0,,278.7469,0.0,278.7469,259.6366,371.875,547.8121,162.2593,40.31266,,89.48058,46.451139999999995,20.19028,27.37149288125071,5.954853762712113,148.95763470301588,0.0512406556,0.8380298224,0.8380298224,0.000599621997,0.899802824,0.89987847,0.899802559,0.899878205,0.86904413,0.86904413,,,,8.37001567e-05,20.119964361190796
D_rep,8x4_r_TT_K2N1_matched,ok,,1,0,,113.36489999999999,0.0,113.36489999999999,119.86980000000001,168.502,246.0197,66.59021,16.86277,,34.428340000000006,18.872960000000003,24.9169,15.041535140437789,2.8646115104183463,62.35687043765226,0.072858358,0.917715803,0.917715803,0.000540346652,0.999957755,0.999969115,0.999957726,0.999969086,0.967157685,0.967157685,,,,2.12797357e-05,20.20958971977234
