source,cell,rows,cols,mux,op,corner,temp,vdd,T,mc,tclk_wlen,tclk_dec,trestore,access,low,high,wave,failed
v202_sweep,10T,100,50,0,read,TT,25.0,1.0,1e-08,1,135.5,234.7,270.2,452.0,587.6,270.2,True,
v202_sweep,10T,100,50,0,write,TT,25.0,1.0,1e-08,1,153.0,250.5,286.1,120.3,273.3,286.1,True,
v202_sweep,10T,100,50,1,read,TT,25.0,1.0,1e-08,1,135.5,234.7,267.8,423.3,558.8,267.8,True,
v202_sweep,10T,100,50,1,write,TT,25.0,1.0,1e-08,1,153.0,250.6,284.7,120.8,273.8,284.7,True,
v202_sweep,10T,128,32,0,read,TT,25.0,1.0,1e-08,1,135.9,232.8,267.6,459.6,595.4,267.6,True,
v202_sweep,10T,128,32,0,write,TT,25.0,1.0,1e-08,1,149.9,244.1,277.8,115.8,265.7,277.8,True,
v202_sweep,10T,128,32,1,read,TT,25.0,1.0,1e-08,1,135.9,233.3,267.1,453.2,589.1,267.1,True,
v202_sweep,10T,128,32,1,write,TT,25.0,1.0,1e-08,1,149.9,244.2,277.7,116.3,266.2,277.7,True,
v202_sweep,10T,12,4,0,read,TT,25.0,1.0,1e-08,1,121.5,198.1,234.2,301.9,423.4,234.2,True,
v202_sweep,10T,12,4,0,write,TT,25.0,1.0,1e-08,1,124.9,200.6,215.0,102.2,227.1,215.0,True,
v202_sweep,10T,12,4,1,read,TT,25.0,1.0,1e-08,1,121.5,198.1,212.5,300.7,422.2,212.5,True,
v202_sweep,10T,12,4,1,write,TT,25.0,1.0,1e-08,1,125.0,199.8,210.5,110.0,234.9,210.5,True,
v202_sweep,10T,16,16,0,read,TT,25.0,1.0,1e-08,1,132.6,199.8,257.5,313.8,446.4,257.5,True,
v202_sweep,10T,16,16,0,write,TT,25.0,1.0,1e-08,1,142.3,207.6,248.1,107.0,249.4,248.1,True,
v202_sweep,10T,16,16,1,read,TT,25.0,1.0,1e-08,1,132.7,199.8,243.4,310.4,443.0,243.4,True,
v202_sweep,10T,16,16,1,write,TT,25.0,1.0,1e-08,1,142.3,207.7,248.8,110.6,252.9,248.8,True,
v202_sweep,10T,16,1,0,read,TT,25.0,1.0,1e-08,1,123.9,198.6,227.7,305.5,429.4,227.7,True,
v202_sweep,10T,16,1,0,write,TT,25.0,1.0,1e-08,1,124.3,199.1,213.3,82.8,207.1,213.3,True,
v202_sweep,10T,16,256,0,read,TT,25.0,1.0,1e-08,1,126.8,212.5,288.4,361.4,488.2,288.4,True,
v202_sweep,10T,16,256,0,write,TT,25.0,1.0,1e-08,1,189.0,282.6,337.7,145.9,335.0,337.7,True,
v202_sweep,10T,16,256,1,read,TT,25.0,1.0,1e-08,1,126.8,212.5,267.3,347.1,473.9,267.3,True,
v202_sweep,10T,16,256,1,write,TT,25.0,1.0,1e-08,1,189.1,282.7,334.8,150.2,339.3,334.8,True,
v202_sweep,10T,16,512,0,read,TT,25.0,1.0,1e-08,1,127.0,219.5,296.5,368.8,495.8,296.5,True,
v202_sweep,10T,16,512,0,write,TT,25.0,1.0,1e-08,1,290.4,374.6,429.8,169.6,460.0,429.8,True,
v202_sweep,10T,16,512,1,read,TT,25.0,1.0,1e-08,1,127.0,219.5,275.7,363.1,490.1,275.7,True,
v202_sweep,10T,16,512,1,write,TT,25.0,1.0,1e-08,1,290.4,374.5,426.0,172.9,463.4,426.0,True,
v202_sweep,10T,16,8,0,read,TT,25.0,1.0,1e-08,1,127.9,199.9,248.7,309.7,437.6,248.7,True,
v202_sweep,10T,16,8,0,write,TT,25.0,1.0,1e-08,1,134.7,203.4,236.7,95.5,230.2,236.7,True,
v202_sweep,10T,16,8,1,read,TT,25.0,1.0,1e-08,1,127.9,199.7,228.0,307.5,435.4,228.0,True,
v202_sweep,10T,16,8,1,write,TT,25.0,1.0,1e-08,1,134.8,203.4,233.5,100.0,234.8,233.5,True,
v202_sweep,10T,1,1,0,read,TT,25.0,1.0,1e-08,1,112.6,,216.5,285.5,398.1,216.5,True,
v202_sweep,10T,1,1,0,write,TT,25.0,1.0,1e-08,1,114.2,,187.8,118.6,232.8,187.8,True,
v202_sweep,10T,20,10,0,read,TT,25.0,1.0,1e-08,1,134.2,200.8,250.7,317.7,452.0,250.7,True,
v202_sweep,10T,20,10,0,write,TT,25.0,1.0,1e-08,1,139.9,205.4,240.1,98.6,238.5,240.1,True,
v202_sweep,10T,20,10,1,read,TT,25.0,1.0,1e-08,1,134.2,200.9,237.5,314.9,449.1,237.5,True,
v202_sweep,10T,20,10,1,write,TT,25.0,1.0,1e-08,1,139.9,205.4,242.8,100.1,240.0,242.8,True,
v202_sweep,10T,256,8,0,read,TT,25.0,1.0,1e-08,1,137.4,236.2,266.7,592.2,729.6,266.7,True,
v202_sweep,10T,256,8,0,write,TT,25.0,1.0,1e-08,1,140.0,238.9,269.3,105.4,245.4,269.3,True,
v202_sweep,10T,256,8,1,read,TT,25.0,1.0,1e-08,1,137.4,236.2,265.8,590.6,727.9,265.8,True,
v202_sweep,10T,256,8,1,write,TT,25.0,1.0,1e-08,1,140.0,238.9,269.0,106.5,246.5,269.0,True,
v202_sweep,10T,2,128,0,read,TT,25.0,1.0,1e-08,1,120.6,175.0,276.7,325.5,446.1,276.7,True,
v202_sweep,10T,2,128,0,write,TT,25.0,1.0,1e-08,1,150.3,212.2,276.4,168.7,319.0,276.4,True,
v202_sweep,10T,2,128,1,read,TT,25.0,1.0,1e-08,1,120.2,174.5,292.4,320.2,440.4,292.4,True,
v202_sweep,10T,2,128,1,write,TT,25.0,1.0,1e-08,1,150.3,212.2,280.0,183.7,334.1,280.0,True,
v202_sweep,10T,2,1,0,read,TT,25.0,1.0,1e-08,1,113.5,166.1,217.6,286.9,400.4,217.6,True,
v202_sweep,10T,2,1,0,write,TT,25.0,1.0,1e-08,1,114.8,166.8,189.2,120.0,234.8,189.2,True,
v202_sweep,10T,2,2,0,read,TT,25.0,1.0,1e-08,1,113.5,166.1,223.1,287.3,400.8,223.1,True,
v202_sweep,10T,2,2,0,write,TT,25.0,1.0,1e-08,1,115.5,166.8,195.3,121.2,236.7,195.3,True,
v202_sweep,10T,2,2,1,read,TT,25.0,1.0,1e-08,1,114.3,166.1,247.2,286.7,401.0,247.2,True,
v202_sweep,10T,2,2,1,write,TT,25.0,1.0,1e-08,1,115.5,166.8,195.8,137.5,253.0,195.8,True,
v202_sweep,10T,32,32,0,read,TT,25.0,1.0,1e-08,1,131.3,215.3,259.0,343.9,475.2,259.0,True,
v202_sweep,10T,32,32,0,write,TT,25.0,1.0,1e-08,1,146.9,227.3,259.3,112.1,259.0,259.3,True,
v202_sweep,10T,32,32,1,read,TT,25.0,1.0,1e-08,1,131.3,215.3,246.7,336.7,468.0,246.7,True,
v202_sweep,10T,32,32,1,write,TT,25.0,1.0,1e-08,1,146.9,227.3,258.3,114.5,261.4,258.3,True,
v202_sweep,10T,32,8,0,read,TT,25.0,1.0,1e-08,1,130.0,212.8,240.2,331.2,461.3,240.2,True,
v202_sweep,10T,32,8,0,write,TT,25.0,1.0,1e-08,1,133.1,215.9,234.4,94.1,227.2,234.4,True,
v202_sweep,10T,32,8,1,read,TT,25.0,1.0,1e-08,1,130.0,212.8,227.3,329.4,459.3,227.3,True,
v202_sweep,10T,32,8,1,write,TT,25.0,1.0,1e-08,1,133.1,216.0,230.6,95.8,228.9,230.6,True,
v202_sweep,10T,3,3,0,read,TT,25.0,1.0,1e-08,1,115.4,164.3,234.9,288.9,404.3,234.9,True,
v202_sweep,10T,3,3,0,write,TT,25.0,1.0,1e-08,1,117.6,165.9,207.2,123.9,241.5,207.2,True,
v202_sweep,10T,4,2,0,read,TT,25.0,1.0,1e-08,1,116.0,168.5,231.1,289.5,405.5,231.1,True,
v202_sweep,10T,4,2,0,write,TT,25.0,1.0,1e-08,1,117.5,169.8,202.6,123.4,240.9,202.6,True,
v202_sweep,10T,4,2,1,read,TT,25.0,1.0,1e-08,1,116.0,168.5,255.2,288.8,404.8,255.2,True,
v202_sweep,10T,4,2,1,write,TT,25.0,1.0,1e-08,1,117.5,169.7,203.9,139.2,256.7,203.9,True,
v202_sweep,10T,4,4,0,read,TT,25.0,1.0,1e-08,1,115.9,168.5,241.6,290.6,406.5,241.6,True,
v202_sweep,10T,4,4,0,write,TT,25.0,1.0,1e-08,1,118.8,171.9,215.2,127.1,245.9,215.2,True,
v202_sweep,10T,4,4,1,read,TT,25.0,1.0,1e-08,1,115.9,168.4,264.1,289.3,405.2,264.1,True,
v202_sweep,10T,4,4,1,write,TT,25.0,1.0,1e-08,1,118.8,172.0,216.1,142.7,261.5,216.1,True,
v202_sweep,10T,512,4,0,read,TT,25.0,1.0,1e-08,1,146.7,245.5,277.5,869.3,1016.0,277.5,True,
v202_sweep,10T,512,4,0,write,TT,25.0,1.0,1e-08,1,141.3,242.4,277.4,104.9,246.2,277.4,True,
v202_sweep,10T,512,4,1,read,TT,25.0,1.0,1e-08,1,142.0,242.4,275.1,861.1,1003.1,275.1,True,
v202_sweep,10T,512,4,1,write,TT,25.0,1.0,1e-08,1,141.3,242.4,275.9,105.3,246.6,275.9,True,
v202_sweep,10T,5,3,0,read,TT,25.0,1.0,1e-08,1,118.3,161.6,236.4,291.1,409.4,236.4,True,
v202_sweep,10T,5,3,0,write,TT,25.0,1.0,1e-08,1,119.9,164.6,209.3,125.3,245.2,209.3,True,
v202_sweep,10T,64,16,0,read,TT,25.0,1.0,1e-08,1,133.7,216.3,252.4,377.8,511.5,252.4,True,
v202_sweep,10T,64,16,0,write,TT,25.0,1.0,1e-08,1,143.7,223.3,256.6,104.7,248.4,256.6,True,
v202_sweep,10T,64,16,1,read,TT,25.0,1.0,1e-08,1,133.6,216.4,254.3,373.4,506.9,254.3,True,
v202_sweep,10T,64,16,1,write,TT,25.0,1.0,1e-08,1,143.6,223.3,262.6,105.6,249.2,262.6,True,
v202_sweep,10T,64,64,0,read,TT,25.0,1.0,1e-08,1,132.7,220.8,266.6,408.0,540.7,266.6,True,
v202_sweep,10T,64,64,0,write,TT,25.0,1.0,1e-08,1,153.3,241.1,284.0,119.6,272.8,284.0,True,
v202_sweep,10T,64,64,1,read,TT,25.0,1.0,1e-08,1,132.7,220.9,263.1,390.1,522.9,263.1,True,
v202_sweep,10T,64,64,1,write,TT,25.0,1.0,1e-08,1,153.3,241.1,285.5,120.2,273.4,285.5,True,
v202_sweep,10T,6,6,0,read,TT,25.0,1.0,1e-08,1,119.1,167.2,255.3,294.0,413.1,255.3,True,
v202_sweep,10T,6,6,0,write,TT,25.0,1.0,1e-08,1,122.9,170.6,228.1,130.7,253.6,228.1,True,
v202_sweep,10T,6,6,1,read,TT,25.0,1.0,1e-08,1,119.0,167.2,275.9,292.5,411.5,275.9,True,
v202_sweep,10T,6,6,1,write,TT,25.0,1.0,1e-08,1,122.9,170.7,229.5,145.6,268.5,229.5,True,
v202_sweep,10T,8,4,0,read,TT,25.0,1.0,1e-08,1,119.4,169.7,246.8,295.2,414.6,246.8,True,
v202_sweep,10T,8,4,0,write,TT,25.0,1.0,1e-08,1,122.0,171.9,218.9,131.0,253.0,218.9,True,
v202_sweep,10T,8,4,1,read,TT,25.0,1.0,1e-08,1,119.3,169.7,269.0,294.0,413.3,269.0,True,
v202_sweep,10T,8,4,1,write,TT,25.0,1.0,1e-08,1,122.0,171.9,220.7,146.0,268.0,220.7,True,
v202_sweep,10T,8,512,0,read,TT,25.0,1.0,1e-08,1,124.4,189.9,307.3,354.8,479.2,307.3,True,
v202_sweep,10T,8,512,0,write,TT,25.0,1.0,1e-08,1,287.4,348.1,429.3,197.2,484.6,429.3,True,
v202_sweep,10T,8,512,1,read,TT,25.0,1.0,1e-08,1,124.4,189.8,322.5,348.9,473.3,322.5,True,
v202_sweep,10T,8,512,1,write,TT,25.0,1.0,1e-08,1,287.3,348.1,429.7,206.3,493.7,429.7,True,
v202_sweep,10T,8,8,0,read,TT,25.0,1.0,1e-08,1,120.7,170.8,251.4,297.6,418.3,251.4,True,
v202_sweep,10T,8,8,0,write,TT,25.0,1.0,1e-08,1,127.1,174.8,224.1,135.7,262.8,224.1,True,
v202_sweep,10T,8,8,1,read,TT,25.0,1.0,1e-08,1,120.8,170.9,271.5,295.5,416.3,271.5,True,
v202_sweep,10T,8,8,1,write,TT,25.0,1.0,1e-08,1,127.1,175.6,224.0,149.7,276.8,224.0,True,
v202_sweep,6T,100,50,0,read,TT,25.0,1.0,1e-08,1,136.1,234.2,271.2,414.1,550.2,271.2,True,
v202_sweep,6T,100,50,0,write,TT,25.0,1.0,1e-08,1,153.1,249.9,284.6,109.1,262.1,284.6,True,
v202_sweep,6T,100,50,1,read,TT,25.0,1.0,1e-08,1,136.1,234.2,269.0,396.4,532.5,269.0,True,
v202_sweep,6T,100,50,1,write,TT,25.0,1.0,1e-08,1,153.1,250.0,284.3,110.0,263.0,284.3,True,
v202_sweep,6T,128,32,0,read,TT,25.0,1.0,1e-08,1,135.8,233.1,267.5,424.1,559.9,267.5,True,
v202_sweep,6T,128,32,0,write,TT,25.0,1.0,1e-08,1,149.8,243.7,277.5,104.4,254.3,277.5,True,
v202_sweep,6T,128,32,1,read,TT,25.0,1.0,1e-08,1,135.8,233.0,268.8,418.7,554.5,268.8,True,
v202_sweep,6T,128,32,1,write,TT,25.0,1.0,1e-08,1,149.8,243.7,276.2,104.9,254.7,276.2,True,
v202_sweep,6T,12,4,0,read,TT,25.0,1.0,1e-08,1,121.9,198.6,234.6,295.5,417.4,234.6,True,
v202_sweep,6T,12,4,0,write,TT,25.0,1.0,1e-08,1,124.4,201.3,216.4,89.6,213.9,216.4,True,
v202_sweep,6T,12,4,1,read,TT,25.0,1.0,1e-08,1,121.9,198.5,212.3,294.9,416.7,212.3,True,
v202_sweep,6T,12,4,1,write,TT,25.0,1.0,1e-08,1,124.3,201.3,212.2,99.6,223.9,212.2,True,
v202_sweep,6T,16,16,0,read,TT,25.0,1.0,1e-08,1,132.1,200.7,257.5,307.8,439.9,257.5,True,
v202_sweep,6T,16,16,0,write,TT,25.0,1.0,1e-08,1,140.2,208.0,247.1,94.4,234.6,247.1,True,
v202_sweep,6T,16,16,1,read,TT,25.0,1.0,1e-08,1,132.1,200.8,242.6,303.8,435.9,242.6,True,
v202_sweep,6T,16,16,1,write,TT,25.0,1.0,1e-08,1,143.8,208.0,248.0,98.9,242.7,248.0,True,
v202_sweep,6T,16,1,0,read,TT,25.0,1.0,1e-08,1,123.9,198.7,227.5,298.8,422.7,227.5,True,
v202_sweep,6T,16,1,0,write,TT,25.0,1.0,1e-08,1,124.5,199.2,213.1,70.1,194.6,213.1,True,
v202_sweep,6T,16,256,0,read,TT,25.0,1.0,1e-08,1,126.7,212.0,286.9,354.2,480.8,286.9,True,
v202_sweep,6T,16,256,0,write,TT,25.0,1.0,1e-08,1,188.8,281.8,336.6,133.2,321.9,336.6,True,
v202_sweep,6T,16,256,1,read,TT,25.0,1.0,1e-08,1,126.6,212.0,267.6,339.2,465.8,267.6,True,
v202_sweep,6T,16,256,1,write,TT,25.0,1.0,1e-08,1,188.7,281.8,334.9,138.7,327.3,334.9,True,
v202_sweep,6T,16,512,0,read,TT,25.0,1.0,1e-08,1,127.2,218.7,297.3,360.4,487.6,297.3,True,
v202_sweep,6T,16,512,0,write,TT,25.0,1.0,1e-08,1,289.6,376.7,432.1,157.6,447.2,432.1,True,
v202_sweep,6T,16,512,1,read,TT,25.0,1.0,1e-08,1,127.2,218.6,275.6,356.6,483.7,275.6,True,
v202_sweep,6T,16,512,1,write,TT,25.0,1.0,1e-08,1,290.0,376.7,428.0,159.8,449.8,428.0,True,
v202_sweep,6T,16,8,0,read,TT,25.0,1.0,1e-08,1,126.8,198.0,246.7,303.2,430.0,246.7,True,
v202_sweep,6T,16,8,0,write,TT,25.0,1.0,1e-08,1,133.8,204.1,236.7,82.8,216.6,236.7,True,
v202_sweep,6T,16,8,1,read,TT,25.0,1.0,1e-08,1,126.8,198.2,225.8,300.9,427.7,225.8,True,
v202_sweep,6T,16,8,1,write,TT,25.0,1.0,1e-08,1,133.9,204.1,232.7,88.4,222.2,232.7,True,
v202_sweep,6T,1,1,0,read,TT,25.0,1.0,1e-08,1,112.6,,216.5,282.7,395.4,216.5,True,
v202_sweep,6T,1,1,0,write,TT,25.0,1.0,1e-08,1,114.3,,187.9,119.4,233.8,187.9,True,
v202_sweep,6T,20,10,0,read,TT,25.0,1.0,1e-08,1,133.3,202.1,251.5,309.2,442.5,251.5,True,
v202_sweep,6T,20,10,0,write,TT,25.0,1.0,1e-08,1,140.9,205.7,239.8,86.3,227.2,239.8,True,
v202_sweep,6T,20,10,1,read,TT,25.0,1.0,1e-08,1,133.3,202.1,237.6,306.3,439.6,237.6,True,
v202_sweep,6T,20,10,1,write,TT,25.0,1.0,1e-08,1,140.8,206.2,240.8,88.0,228.8,240.8,True,
v202_sweep,6T,256,8,0,read,TT,25.0,1.0,1e-08,1,137.3,236.1,267.3,523.8,661.1,267.3,True,
v202_sweep,6T,256,8,0,write,TT,25.0,1.0,1e-08,1,140.0,238.7,268.3,95.7,235.7,268.3,True,
v202_sweep,6T,256,8,1,read,TT,25.0,1.0,1e-08,1,137.3,236.0,267.6,521.3,658.6,267.6,True,
v202_sweep,6T,256,8,1,write,TT,25.0,1.0,1e-08,1,140.0,238.7,267.9,96.2,236.2,267.9,True,
v202_sweep,6T,2,128,0,read,TT,25.0,1.0,1e-08,1,121.5,175.1,275.7,321.7,443.2,275.7,True,
v202_sweep,6T,2,128,0,write,TT,25.0,1.0,1e-08,1,152.9,212.1,275.7,175.8,328.7,275.7,True,
v202_sweep,6T,2,128,1,read,TT,25.0,1.0,1e-08,1,121.4,175.0,291.8,316.3,437.7,291.8,True,
v202_sweep,6T,2,128,1,write,TT,25.0,1.0,1e-08,1,153.0,212.3,280.2,191.6,344.6,280.2,True,
v202_sweep,6T,2,1,0,read,TT,25.0,1.0,1e-08,1,113.2,166.2,218.1,283.6,396.8,218.1,True,
v202_sweep,6T,2,1,0,write,TT,25.0,1.0,1e-08,1,114.8,166.8,189.2,120.6,235.4,189.2,True,
v202_sweep,6T,2,2,0,read,TT,25.0,1.0,1e-08,1,113.6,166.1,223.2,284.1,397.7,223.2,True,
v202_sweep,6T,2,2,0,write,TT,25.0,1.0,1e-08,1,115.5,166.9,195.5,121.4,236.9,195.5,True,
v202_sweep,6T,2,2,1,read,TT,25.0,1.0,1e-08,1,113.5,166.1,247.2,283.6,397.1,247.2,True,
v202_sweep,6T,2,2,1,write,TT,25.0,1.0,1e-08,1,115.5,166.8,195.9,139.9,255.4,195.9,True,
v202_sweep,6T,32,32,0,read,TT,25.0,1.0,1e-08,1,133.0,215.7,261.0,332.4,465.3,261.0,True,
v202_sweep,6T,32,32,0,write,TT,25.0,1.0,1e-08,1,146.5,230.4,259.1,100.2,246.7,259.1,True,
v202_sweep,6T,32,32,1,read,TT,25.0,1.0,1e-08,1,133.0,215.7,247.8,325.5,458.4,247.8,True,
v202_sweep,6T,32,32,1,write,TT,25.0,1.0,1e-08,1,146.5,230.4,256.6,102.3,248.8,256.6,True,
v202_sweep,6T,32,8,0,read,TT,25.0,1.0,1e-08,1,129.7,213.4,239.6,320.5,450.2,239.6,True,
v202_sweep,6T,32,8,0,write,TT,25.0,1.0,1e-08,1,134.8,216.3,232.7,82.1,216.8,232.7,True,
v202_sweep,6T,32,8,1,read,TT,25.0,1.0,1e-08,1,129.7,213.4,226.5,318.4,448.0,226.5,True,
v202_sweep,6T,32,8,1,write,TT,25.0,1.0,1e-08,1,134.6,216.3,230.6,83.9,218.5,230.6,True,
v202_sweep,6T,3,3,0,read,TT,25.0,1.0,1e-08,1,115.5,164.5,235.2,285.7,401.3,235.2,True,
v202_sweep,6T,3,3,0,write,TT,25.0,1.0,1e-08,1,117.6,166.1,206.6,123.2,240.9,206.6,True,
v202_sweep,6T,4,2,0,read,TT,25.0,1.0,1e-08,1,116.1,168.7,231.4,286.0,402.1,231.4,True,
v202_sweep,6T,4,2,0,write,TT,25.0,1.0,1e-08,1,117.5,170.1,202.5,124.1,241.6,202.5,True,
v202_sweep,6T,4,2,1,read,TT,25.0,1.0,1e-08,1,116.1,168.6,255.3,285.4,401.5,255.3,True,
v202_sweep,6T,4,2,1,write,TT,25.0,1.0,1e-08,1,117.5,170.1,203.4,142.1,259.5,203.4,True,
v202_sweep,6T,4,4,0,read,TT,25.0,1.0,1e-08,1,116.0,168.5,241.6,287.0,403.0,241.6,True,
v202_sweep,6T,4,4,0,write,TT,25.0,1.0,1e-08,1,118.9,171.1,214.5,126.1,245.0,214.5,True,
v202_sweep,6T,4,4,1,read,TT,25.0,1.0,1e-08,1,116.0,168.4,263.3,286.0,401.9,263.3,True,
v202_sweep,6T,4,4,1,write,TT,25.0,1.0,1e-08,1,118.9,171.1,216.0,145.0,263.9,216.0,True,
v202_sweep,6T,512,4,0,read,TT,25.0,1.0,1e-08,1,146.4,245.3,279.0,739.0,885.4,279.0,True,
v202_sweep,6T,512,4,0,write,TT,25.0,1.0,1e-08,1,141.3,242.4,274.9,95.0,236.3,274.9,True,
v202_sweep,6T,512,4,1,read,TT,25.0,1.0,1e-08,1,141.9,241.9,273.3,734.0,876.0,273.3,True,
v202_sweep,6T,512,4,1,write,TT,25.0,1.0,1e-08,1,148.4,245.9,278.2,93.7,242.1,278.2,True,
v202_sweep,6T,5,3,0,read,TT,25.0,1.0,1e-08,1,117.9,162.0,235.9,287.5,405.4,235.9,True,
v202_sweep,6T,5,3,0,write,TT,25.0,1.0,1e-08,1,120.1,163.8,208.5,125.3,245.4,208.5,True,
v202_sweep,6T,64,16,0,read,TT,25.0,1.0,1e-08,1,135.0,216.9,255.0,357.6,492.6,255.0,True,
v202_sweep,6T,64,16,0,write,TT,25.0,1.0,1e-08,1,143.0,223.2,259.2,93.4,236.4,259.2,True,
v202_sweep,6T,64,16,1,read,TT,25.0,1.0,1e-08,1,135.0,217.0,256.9,353.5,488.4,256.9,True,
v202_sweep,6T,64,16,1,write,TT,25.0,1.0,1e-08,1,142.9,226.3,264.8,94.2,237.1,264.8,True,
v202_sweep,6T,64,64,0,read,TT,25.0,1.0,1e-08,1,132.7,220.7,266.4,382.1,514.8,266.4,True,
v202_sweep,6T,64,64,0,write,TT,25.0,1.0,1e-08,1,153.3,240.9,284.4,107.9,261.2,284.4,True,
v202_sweep,6T,64,64,1,read,TT,25.0,1.0,1e-08,1,132.7,220.7,262.7,366.5,499.2,262.7,True,
v202_sweep,6T,64,64,1,write,TT,25.0,1.0,1e-08,1,153.3,241.0,283.8,108.2,261.5,283.8,True,
v202_sweep,6T,6,6,0,read,TT,25.0,1.0,1e-08,1,119.2,166.5,255.3,290.0,409.3,255.3,True,
v202_sweep,6T,6,6,0,write,TT,25.0,1.0,1e-08,1,123.3,170.5,227.6,129.6,252.9,227.6,True,
v202_sweep,6T,6,6,1,read,TT,25.0,1.0,1e-08,1,119.2,166.5,275.9,288.5,407.7,275.9,True,
v202_sweep,6T,6,6,1,write,TT,25.0,1.0,1e-08,1,123.3,170.5,229.3,148.3,271.6,229.3,True,
v202_sweep,6T,8,4,0,read,TT,25.0,1.0,1e-08,1,119.5,169.0,246.8,290.8,410.3,246.8,True,
v202_sweep,6T,8,4,0,write,TT,25.0,1.0,1e-08,1,122.2,172.0,219.0,130.8,253.0,219.0,True,
v202_sweep,6T,8,4,1,read,TT,25.0,1.0,1e-08,1,119.5,169.0,269.1,289.6,409.2,269.1,True,
v202_sweep,6T,8,4,1,write,TT,25.0,1.0,1e-08,1,122.2,172.0,220.4,149.0,271.3,220.4,True,
v202_sweep,6T,8,512,0,read,TT,25.0,1.0,1e-08,1,124.7,189.4,306.6,350.3,475.0,306.6,True,
v202_sweep,6T,8,512,0,write,TT,25.0,1.0,1e-08,1,288.8,347.7,428.7,202.1,491.0,428.7,True,
v202_sweep,6T,8,512,1,read,TT,25.0,1.0,1e-08,1,124.6,189.4,321.9,345.4,469.9,321.9,True,
v202_sweep,6T,8,512,1,write,TT,25.0,1.0,1e-08,1,288.8,347.6,429.8,213.8,502.6,429.8,True,
v202_sweep,6T,8,8,0,read,TT,25.0,1.0,1e-08,1,121.0,170.8,250.9,293.4,414.4,250.9,True,
v202_sweep,6T,8,8,0,write,TT,25.0,1.0,1e-08,1,126.2,175.5,225.3,134.6,260.9,225.3,True,
v202_sweep,6T,8,8,1,read,TT,25.0,1.0,1e-08,1,121.0,170.8,270.9,291.3,412.3,270.9,True,
v202_sweep,6T,8,8,1,write,TT,25.0,1.0,1e-08,1,126.2,174.5,225.2,152.4,278.6,225.2,True,
v202_corners,10T,16,16,0,read,FF,125.0,1.0,1e-08,1,194.9,301.5,389.5,527.3,722.3,389.5,True,
v202_corners,10T,16,16,0,read,FF,25.0,1.0,1e-08,1,118.5,182.1,250.9,308.6,427.1,250.9,True,
v202_corners,10T,16,16,0,read,FS,25.0,1.0,1e-08,1,136.7,197.3,275.0,337.7,474.4,275.0,True,
v202_corners,10T,16,16,0,read,SF,25.0,1.0,1e-08,1,127.4,202.9,275.6,346.2,473.6,275.6,True,
v202_corners,10T,16,16,0,read,SS,25.0,1.0,1e-08,1,147.8,220.2,301.9,377.5,525.2,301.9,True,
v202_corners,10T,16,16,0,read,TT,-40.0,1.0,1e-08,1,96.0,143.2,195.9,237.8,333.8,195.9,True,
v202_corners,10T,16,16,0,read,TT,125.0,1.0,1e-08,1,217.9,338.2,434.1,592.5,810.4,434.1,True,
v202_corners,10T,16,16,0,read,TT,85.0,1.0,1e-08,1,181.1,276.3,355.9,481.8,662.9,355.9,True,
v202_corners,10T,8,4,0,read,FF,125.0,1.0,1e-08,1,177.0,253.8,367.7,465.4,642.3,367.7,False,
v202_corners,10T,8,4,0,read,FF,25.0,1.0,1e-08,1,108.0,155.0,215.6,277.5,385.5,215.6,True,
v202_corners,10T,8,4,0,read,FS,25.0,1.0,1e-08,1,121.9,167.6,237.0,304.0,426.0,237.0,True,
v202_corners,10T,8,4,0,read,SF,25.0,1.0,1e-08,1,116.8,171.9,233.0,309.6,426.4,233.0,True,
v202_corners,10T,8,4,0,read,SS,-40.0,1.0,1e-08,1,93.7,129.2,173.5,229.0,322.7,173.5,True,
v202_corners,10T,8,4,0,read,SS,25.0,1.0,1e-08,1,132.3,186.6,256.8,338.6,470.9,256.8,True,
v202_corners,10T,8,4,0,read,TT,-40.0,1.0,1e-08,1,86.3,120.1,162.4,212.8,299.1,162.4,True,
v202_corners,10T,8,4,0,read,TT,125.0,1.0,1e-08,1,198.2,284.4,408.4,526.8,725.1,408.4,False,
v202_corners,10T,8,4,0,read,TT,85.0,1.0,1e-08,1,162.7,233.4,331.0,430.2,592.9,331.0,True,
v202_corners,10T,8,4,0,write,FF,125.0,1.0,1e-08,1,181.3,257.6,335.7,251.6,432.9,335.7,False,
v202_corners,10T,8,4,0,write,FF,25.0,1.0,1e-08,1,110.3,157.0,198.5,134.3,244.6,198.5,True,
v202_corners,10T,8,4,0,write,FS,25.0,1.0,1e-08,1,124.9,170.0,216.2,122.1,247.0,216.2,True,
v202_corners,10T,8,4,0,write,SF,25.0,1.0,1e-08,1,119.6,174.4,215.7,176.8,296.4,215.7,True,
v202_corners,10T,8,4,0,write,SS,-40.0,1.0,1e-08,1,95.7,130.9,161.5,96.5,192.2,161.5,True,
v202_corners,10T,8,4,0,write,SS,25.0,1.0,1e-08,1,135.5,189.7,235.3,152.9,288.4,235.3,True,
v202_corners,10T,8,4,0,write,TT,-40.0,1.0,1e-08,1,87.9,121.9,150.4,93.9,181.9,150.4,True,
v202_corners,10T,8,4,0,write,TT,125.0,1.0,1e-08,1,203.8,288.3,371.6,272.6,476.4,371.6,False,
v202_corners,10T,8,4,0,write,TT,85.0,1.0,1e-08,1,168.6,236.9,302.2,214.3,383.0,302.2,True,
v202_corners,6T,16,16,0,read,FF,125.0,1.0,1e-08,1,193.5,303.1,412.6,504.4,697.9,412.6,False,
v202_corners,6T,16,16,0,read,FF,25.0,1.0,1e-08,1,119.5,183.3,248.3,303.4,422.9,248.3,True,
v202_corners,6T,16,16,0,read,FS,25.0,1.0,1e-08,1,135.5,197.1,276.2,331.7,467.2,276.2,True,
v202_corners,6T,16,16,0,read,SF,25.0,1.0,1e-08,1,128.9,204.2,273.1,338.7,467.6,273.1,True,
v202_corners,6T,16,16,0,read,SS,-40.0,1.0,1e-08,1,102.7,151.3,210.6,252.6,355.4,210.6,True,
v202_corners,6T,16,16,0,read,SS,25.0,1.0,1e-08,1,146.7,221.2,302.3,370.5,517.2,302.3,True,
v202_corners,6T,16,16,0,read,TT,-40.0,1.0,1e-08,1,94.9,141.5,194.0,234.5,329.5,194.0,True,
v202_corners,6T,16,16,0,read,TT,125.0,1.0,1e-08,1,219.2,339.8,460.4,572.6,791.7,460.4,False,
v202_corners,6T,16,16,0,read,TT,85.0,1.0,1e-08,1,181.1,279.0,376.7,467.3,648.3,376.7,True,
v202_corners,6T,16,16,0,write,FF,125.0,1.0,1e-08,1,210.8,315.2,401.4,151.2,362.0,401.4,False,
v202_corners,6T,16,16,0,write,FF,25.0,1.0,1e-08,1,128.4,190.0,244.7,82.7,211.1,244.7,True,
v202_corners,6T,16,16,0,write,FS,25.0,1.0,1e-08,1,148.2,206.2,266.9,80.9,229.1,266.9,True,
v202_corners,6T,16,16,0,write,SF,25.0,1.0,1e-08,1,139.4,211.4,269.1,99.7,239.1,269.1,True,
v202_corners,6T,16,16,0,write,SS,-40.0,1.0,1e-08,1,113.8,157.1,206.3,59.7,173.6,206.3,True,
v202_corners,6T,16,16,0,write,SS,25.0,1.0,1e-08,1,160.7,229.1,293.7,96.8,257.6,293.7,True,
v202_corners,6T,16,16,0,write,TT,-40.0,1.0,1e-08,1,104.7,148.9,192.6,57.6,162.3,192.6,True,
v202_corners,6T,16,16,0,write,TT,125.0,1.0,1e-08,1,235.9,353.5,447.9,168.0,403.9,447.9,False,
v202_corners,6T,16,16,0,write,TT,85.0,1.0,1e-08,1,196.0,288.6,367.8,133.0,329.0,367.8,True,
v202_corners,6T,8,4,0,read,FF,125.0,1.0,1e-08,1,176.0,253.5,367.4,460.2,636.2,367.4,False,
v202_corners,6T,8,4,0,read,FF,25.0,1.0,1e-08,1,108.1,154.0,215.4,274.1,382.2,215.4,True,
v202_corners,6T,8,4,0,read,FS,25.0,1.0,1e-08,1,121.8,167.3,236.8,300.1,421.9,236.8,True,
v202_corners,6T,8,4,0,read,SF,25.0,1.0,1e-08,1,117.0,172.0,232.8,305.4,422.4,232.8,True,
v202_corners,6T,8,4,0,read,SS,-40.0,1.0,1e-08,1,93.9,129.0,172.8,226.4,320.3,172.8,True,
v202_corners,6T,8,4,0,read,SS,25.0,1.0,1e-08,1,132.5,186.8,255.6,333.7,466.2,255.6,True,
v202_corners,6T,8,4,0,read,TT,-40.0,1.0,1e-08,1,86.5,120.1,161.9,210.4,296.9,161.9,True,
v202_corners,6T,8,4,0,read,TT,125.0,1.0,1e-08,1,197.5,284.7,408.7,521.0,718.5,408.7,False,
v202_corners,6T,8,4,0,read,TT,85.0,1.0,1e-08,1,162.8,233.2,330.5,424.3,587.1,330.5,True,
v202_corners,6T,8,4,0,write,FF,125.0,1.0,1e-08,1,181.3,257.5,335.4,265.5,446.8,335.4,False,
v202_corners,6T,8,4,0,write,FF,25.0,1.0,1e-08,1,110.6,157.2,198.6,133.5,244.1,198.6,True,
v202_corners,6T,8,4,0,write,FS,25.0,1.0,1e-08,1,125.0,170.3,216.0,113.1,238.1,216.0,True,
v202_corners,6T,8,4,0,write,SF,25.0,1.0,1e-08,1,119.9,174.3,215.6,215.0,334.9,215.6,True,
v202_corners,6T,8,4,0,write,SS,-40.0,1.0,1e-08,1,96.2,130.9,160.9,91.3,187.5,160.9,True,
v202_corners,6T,8,4,0,write,SS,25.0,1.0,1e-08,1,135.7,189.3,235.4,147.1,282.8,235.4,True,
v202_corners,6T,8,4,0,write,TT,-40.0,1.0,1e-08,1,88.4,121.9,150.6,91.4,179.8,150.6,True,
v202_corners,6T,8,4,0,write,TT,125.0,1.0,1e-08,1,203.1,288.5,371.6,282.2,485.3,371.6,False,
v202_corners,6T,8,4,0,write,TT,85.0,1.0,1e-08,1,166.7,236.8,302.0,215.7,382.4,302.0,True,
v202_corners_f,10T,16,16,0,read,FF,125.0,1.0,1e-08,1,195.0,301.5,393.3,489.6,684.5,393.3,True,
v202_corners_f,10T,16,16,0,read,FF,25.0,1.0,1e-08,1,118.4,182.2,236.2,286.3,404.6,236.2,True,
v202_corners_f,10T,16,16,0,read,FS,25.0,1.0,1e-08,1,137.2,197.5,258.7,312.9,450.0,258.7,True,
v202_corners_f,10T,16,16,0,read,SF,25.0,1.0,1e-08,1,127.4,203.1,259.0,319.1,446.5,259.0,True,
v202_corners_f,10T,16,16,0,read,SS,-40.0,1.0,1e-08,1,103.8,151.1,196.3,234.8,338.6,196.3,True,
v202_corners_f,10T,16,16,0,read,SS,25.0,1.0,1e-08,1,148.2,220.2,283.4,348.1,496.3,283.4,True,
v202_corners_f,10T,16,16,0,read,TT,-40.0,1.0,1e-08,1,95.9,140.4,182.7,217.9,313.8,182.7,True,
v202_corners_f,10T,16,16,0,read,TT,125.0,1.0,1e-08,1,217.9,338.1,437.4,549.5,767.5,437.4,True,
v202_corners_f,10T,16,16,0,read,TT,85.0,1.0,1e-08,1,181.1,276.3,358.1,446.7,627.8,358.1,True,
v202_corners_f,10T,16,16,0,write,FF,125.0,1.0,1e-08,1,211.0,314.5,371.2,175.8,386.9,371.2,True,
v202_corners_f,10T,16,16,0,write,FF,25.0,1.0,1e-08,1,129.2,189.2,225.9,98.0,227.2,225.9,True,
v202_corners_f,10T,16,16,0,write,FS,25.0,1.0,1e-08,1,146.3,206.0,248.3,100.2,246.5,248.3,True,
v202_corners_f,10T,16,16,0,write,SF,25.0,1.0,1e-08,1,140.2,211.3,249.5,115.7,256.0,249.5,True,
v202_corners_f,10T,16,16,0,write,SS,-40.0,1.0,1e-08,1,114.5,156.9,192.0,74.8,189.4,192.0,True,
v202_corners_f,10T,16,16,0,write,SS,25.0,1.0,1e-08,1,158.7,229.1,273.5,117.9,276.6,273.5,True,
v202_corners_f,10T,16,16,0,write,TT,-40.0,1.0,1e-08,1,105.4,149.0,177.7,70.1,175.5,177.7,True,
v202_corners_f,10T,16,16,0,write,TT,125.0,1.0,1e-08,1,236.1,352.4,415.0,197.0,433.1,415.0,True,
v202_corners_f,10T,16,16,0,write,TT,85.0,1.0,1e-08,1,194.9,288.4,340.6,157.7,352.5,340.6,True,
v202_corners_f,10T,8,4,0,read,FF,125.0,1.0,1e-08,1,176.7,253.9,385.5,458.9,635.6,385.5,True,
v202_corners_f,10T,8,4,0,read,FF,25.0,1.0,1e-08,1,108.2,155.1,226.9,269.2,377.4,226.9,True,
v202_corners_f,10T,8,4,0,read,FS,25.0,1.0,1e-08,1,122.0,167.7,248.8,294.2,416.2,248.8,True,
v202_corners_f,10T,8,4,0,read,SF,25.0,1.0,1e-08,1,117.2,172.3,245.8,299.3,416.4,245.8,True,
v202_corners_f,10T,8,4,0,read,SS,-40.0,1.0,1e-08,1,93.8,129.3,183.9,221.0,314.7,183.9,True,
v202_corners_f,10T,8,4,0,read,SS,25.0,1.0,1e-08,1,132.7,186.9,270.3,326.7,459.4,270.3,True,
v202_corners_f,10T,8,4,0,read,TT,-40.0,1.0,1e-08,1,86.5,120.2,172.2,205.3,291.8,172.2,True,
v202_corners_f,10T,8,4,0,read,TT,125.0,1.0,1e-08,1,198.1,284.5,428.0,515.5,713.5,428.0,True,
v202_corners_f,10T,8,4,0,read,TT,85.0,1.0,1e-08,1,163.0,233.5,347.1,417.7,580.7,347.1,True,
v202_corners_f,10T,8,4,0,write,FF,125.0,1.0,1e-08,1,181.4,257.8,335.4,221.8,403.2,335.4,True,
v202_corners_f,10T,8,4,0,write,FF,25.0,1.0,1e-08,1,110.5,157.1,200.7,121.0,231.5,200.7,True,
v202_corners_f,10T,8,4,0,write,FS,25.0,1.0,1e-08,1,125.0,170.1,220.0,118.7,243.7,220.0,True,
v202_corners_f,10T,8,4,0,write,SF,25.0,1.0,1e-08,1,119.8,174.5,219.8,152.0,271.7,219.8,True,
v202_corners_f,10T,8,4,0,write,SS,-40.0,1.0,1e-08,1,95.8,131.0,166.7,90.7,186.4,166.7,True,
v202_corners_f,10T,8,4,0,write,SS,25.0,1.0,1e-08,1,135.8,189.8,241.1,143.5,279.3,241.1,True,
v202_corners_f,10T,8,4,0,write,TT,-40.0,1.0,1e-08,1,88.0,122.0,154.5,85.5,173.6,154.5,True,
v202_corners_f,10T,8,4,0,write,TT,125.0,1.0,1e-08,1,203.8,288.6,373.1,245.5,449.3,373.1,True,
v202_corners_f,10T,8,4,0,write,TT,85.0,1.0,1e-08,1,168.7,237.1,304.8,195.2,363.8,304.8,True,
v202_corners_f,6T,16,16,0,read,FF,125.0,1.0,1e-08,1,193.8,303.3,391.8,477.5,671.3,391.8,True,
v202_corners_f,6T,16,16,0,read,FF,25.0,1.0,1e-08,1,120.3,183.3,235.9,280.6,400.9,235.9,True,
v202_corners_f,6T,16,16,0,read,FS,25.0,1.0,1e-08,1,134.7,197.0,260.0,306.4,441.1,260.0,True,
v202_corners_f,6T,16,16,0,read,SF,25.0,1.0,1e-08,1,130.0,204.3,256.4,312.1,442.1,256.4,True,
v202_corners_f,6T,16,16,0,read,SS,-40.0,1.0,1e-08,1,102.0,154.2,195.9,230.8,332.8,195.9,True,
v202_corners_f,6T,16,16,0,read,SS,25.0,1.0,1e-08,1,146.1,221.0,283.8,340.7,486.8,283.8,True,
v202_corners_f,6T,16,16,0,read,TT,-40.0,1.0,1e-08,1,94.8,141.1,180.9,214.0,308.8,180.9,True,
v202_corners_f,6T,16,16,0,read,TT,125.0,1.0,1e-08,1,219.1,340.0,436.6,535.6,754.7,436.6,True,
v202_corners_f,6T,16,16,0,read,TT,85.0,1.0,1e-08,1,180.9,279.2,356.1,435.5,616.3,356.1,True,
v202_corners_f,6T,16,16,0,write,FF,125.0,1.0,1e-08,1,211.0,315.2,371.2,156.0,367.0,371.2,True,
v202_corners_f,6T,16,16,0,write,FF,25.0,1.0,1e-08,1,128.6,190.0,226.0,87.1,215.7,226.0,True,
v202_corners_f,6T,16,16,0,write,FS,25.0,1.0,1e-08,1,148.3,206.3,247.2,87.8,236.1,247.2,True,
v202_corners_f,6T,16,16,0,write,SF,25.0,1.0,1e-08,1,139.5,211.4,248.8,104.2,243.7,248.8,True,
v202_corners_f,6T,16,16,0,write,SS,-40.0,1.0,1e-08,1,114.0,157.2,191.2,66.2,180.1,191.2,True,
v202_corners_f,6T,16,16,0,write,SS,25.0,1.0,1e-08,1,160.8,229.1,272.5,103.7,264.5,272.5,True,
v202_corners_f,6T,16,16,0,write,TT,-40.0,1.0,1e-08,1,104.8,146.5,177.2,62.3,167.1,177.2,True,
v202_corners_f,6T,16,16,0,write,TT,125.0,1.0,1e-08,1,236.0,353.7,414.2,173.5,409.6,414.2,True,
v202_corners_f,6T,16,16,0,write,TT,85.0,1.0,1e-08,1,196.3,288.8,339.7,139.0,335.3,339.7,True,
v202_corners_f,6T,8,4,0,read,FF,125.0,1.0,1e-08,1,176.0,253.7,385.3,451.2,627.2,385.3,True,
v202_corners_f,6T,8,4,0,read,FF,25.0,1.0,1e-08,1,108.4,154.1,226.7,265.4,373.7,226.7,True,
v202_corners_f,6T,8,4,0,read,FS,25.0,1.0,1e-08,1,122.1,167.4,248.7,290.0,412.1,248.7,True,
v202_corners_f,6T,8,4,0,read,SF,25.0,1.0,1e-08,1,117.4,172.1,245.7,294.9,412.3,245.7,True,
v202_corners_f,6T,8,4,0,read,SS,-40.0,1.0,1e-08,1,94.2,129.1,183.8,218.2,312.5,183.8,True,
v202_corners_f,6T,8,4,0,read,SS,25.0,1.0,1e-08,1,133.1,186.9,269.2,321.5,454.6,269.2,True,
v202_corners_f,6T,8,4,0,read,TT,-40.0,1.0,1e-08,1,86.7,120.2,172.0,202.9,289.6,172.0,True,
v202_corners_f,6T,8,4,0,read,TT,125.0,1.0,1e-08,1,197.7,285.0,428.4,506.8,704.5,428.4,True,
v202_corners_f,6T,8,4,0,read,TT,85.0,1.0,1e-08,1,163.0,233.3,346.8,411.2,574.2,346.8,True,
v202_corners_f,6T,8,4,0,write,FF,125.0,1.0,1e-08,1,181.4,257.6,334.7,244.4,425.8,334.7,True,
v202_corners_f,6T,8,4,0,write,FF,25.0,1.0,1e-08,1,110.8,157.3,200.8,122.9,233.7,200.8,True,
v202_corners_f,6T,8,4,0,write,FS,25.0,1.0,1e-08,1,125.1,170.4,219.9,114.8,239.9,219.9,True,
v202_corners_f,6T,8,4,0,write,SF,25.0,1.0,1e-08,1,120.0,174.4,219.5,174.0,294.1,219.5,True,
v202_corners_f,6T,8,4,0,write,SS,-40.0,1.0,1e-08,1,96.3,131.0,166.3,86.0,182.2,166.3,True,
v202_corners_f,6T,8,4,0,write,SS,25.0,1.0,1e-08,1,135.9,189.4,241.1,140.1,276.0,241.1,True,
v202_corners_f,6T,8,4,0,write,TT,-40.0,1.0,1e-08,1,88.5,122.0,154.9,82.7,171.2,154.9,True,
v202_corners_f,6T,8,4,0,write,TT,125.0,1.0,1e-08,1,203.1,288.8,372.9,265.8,468.9,372.9,True,
v202_corners_f,6T,8,4,0,write,TT,85.0,1.0,1e-08,1,167.0,236.9,304.5,206.2,373.2,304.5,True,
v202_big,6T,128,128,0,read,TT,25.0,1.0,4e-09,1,143.1,232.4,305.1,475.2,618.3,305.1,True,
v202_big,6T,128,128,0,write,TT,25.0,1.0,4e-09,1,169.0,262.7,336.2,154.6,323.7,336.2,True,
v202_big,6T,256,64,0,read,TT,25.0,1.0,4e-09,1,152.5,235.7,309.5,568.3,720.8,309.5,True,
v202_big,6T,256,64,0,write,TT,25.0,1.0,4e-09,1,169.2,252.5,327.3,149.1,318.3,327.3,True,
v202_tsweep,10T,16,16,0,read,TT,25.0,1.0,1.5e-09,1,,,,341.9,,,True,
v202_tsweep,10T,16,16,0,read,TT,25.0,1.0,2e-09,1,,,,342.2,,,True,
v202_tsweep,10T,16,16,0,read,TT,25.0,1.0,3e-09,1,,,,342.3,,,True,
v202_tsweep,10T,16,16,0,read,TT,25.0,1.0,5e-08,1,,,,335.3,,,False,
v202_tsweep,10T,16,16,0,read,TT,25.0,1.0,5e-09,1,,,,341.6,,,True,
v202_tsweep,10T,16,16,0,write,TT,25.0,1.0,1.5e-09,1,,,,102.1,,,True,
v202_tsweep,10T,16,16,0,write,TT,25.0,1.0,2e-09,1,,,,102.1,,,True,
v202_tsweep,10T,16,16,0,write,TT,25.0,1.0,3e-09,1,,,,102.5,,,True,
v202_tsweep,10T,16,16,0,write,TT,25.0,1.0,5e-09,1,,,,102.1,,,True,
v202_tsweep,10T,8,4,0,read,TT,25.0,1.0,1e-09,1,108.6,154.0,218.7,306.2,414.8,218.7,True,
v202_tsweep,10T,8,4,0,read,TT,25.0,1.0,8e-10,1,108.3,153.8,218.6,306.1,414.4,218.6,False,
v202_tsweep,10T,8,4,0,write,TT,25.0,1.0,1e-09,1,111.7,156.3,198.4,142.6,254.3,198.4,True,
v202_tsweep,10T,8,4,0,write,TT,25.0,1.0,8e-10,1,111.3,156.2,197.5,142.5,253.9,197.5,True,
v202_tsweep,6T,16,16,0,read,TT,25.0,1.0,1.5e-09,1,,,,335.5,,,True,
v202_tsweep,6T,16,16,0,read,TT,25.0,1.0,1e-09,1,,,,334.8,,,True,
v202_tsweep,6T,16,16,0,read,TT,25.0,1.0,2e-08,1,,,,333.2,,,True,
v202_tsweep,6T,16,16,0,read,TT,25.0,1.0,2e-09,1,,,,335.2,,,True,
v202_tsweep,6T,16,16,0,read,TT,25.0,1.0,3e-09,1,,,,335.4,,,True,
v202_tsweep,6T,16,16,0,read,TT,25.0,1.0,5e-08,1,,,,329.7,,,False,
v202_tsweep,6T,16,16,0,read,TT,25.0,1.0,5e-09,1,,,,334.6,,,True,
v202_tsweep,6T,16,16,0,read,TT,25.0,1.0,7e-10,1,119.6,185.2,257.3,335.1,454.7,257.3,False,
v202_tsweep,6T,16,16,0,read,TT,25.0,1.0,8e-10,1,119.8,185.3,257.7,335.0,454.8,257.7,False,
v202_tsweep,6T,16,16,0,read,TT,25.0,1.0,9e-10,1,120.1,185.6,258.0,334.8,454.9,258.0,False,
v202_tsweep,6T,16,16,0,write,TT,25.0,1.0,1.5e-09,1,,,,89.5,,,True,
v202_tsweep,6T,16,16,0,write,TT,25.0,1.0,1e-09,1,,,,89.4,,,True,
v202_tsweep,6T,16,16,0,write,TT,25.0,1.0,2e-08,1,,,,88.2,,,True,
v202_tsweep,6T,16,16,0,write,TT,25.0,1.0,2e-09,1,,,,90.1,,,True,
v202_tsweep,6T,16,16,0,write,TT,25.0,1.0,3e-09,1,,,,89.3,,,True,
v202_tsweep,6T,16,16,0,write,TT,25.0,1.0,5e-08,1,,,,87.1,,,False,
v202_tsweep,6T,16,16,0,write,TT,25.0,1.0,5e-09,1,,,,89.3,,,True,
v202_tsweep,6T,16,16,0,write,TT,25.0,1.0,6e-10,1,130.9,193.6,249.3,91.8,222.7,249.3,True,
v202_tsweep,6T,16,16,0,write,TT,25.0,1.0,7e-10,1,131.0,193.8,250.1,89.4,220.4,250.1,True,
v202_tsweep,6T,16,16,0,write,TT,25.0,1.0,8e-10,1,131.2,193.9,250.1,89.8,220.9,250.1,True,
v202_tsweep,6T,16,16,0,write,TT,25.0,1.0,9e-10,1,131.5,194.0,250.3,89.5,221.0,250.3,True,
v202_tsweep,6T,16,16,1,read,TT,25.0,1.0,2e-08,1,136.5,212.0,268.4,319.6,456.1,268.4,True,
v202_tsweep,6T,16,16,1,read,TT,25.0,1.0,2e-09,1,121.7,187.5,243.6,322.1,443.9,243.6,True,
v202_tsweep,6T,16,16,1,read,TT,25.0,1.0,3e-09,1,123.1,189.5,245.1,321.1,444.2,245.1,True,
v202_tsweep,6T,16,16,1,read,TT,25.0,1.0,5e-09,1,126.4,193.2,249.0,321.8,448.2,249.0,True,
v202_tsweep,6T,16,16,1,write,TT,25.0,1.0,2e-08,1,146.2,219.9,277.3,97.1,243.3,277.3,True,
v202_tsweep,6T,16,16,1,write,TT,25.0,1.0,2e-09,1,133.3,195.9,252.4,98.4,231.7,252.4,True,
v202_tsweep,6T,16,16,1,write,TT,25.0,1.0,3e-09,1,134.6,197.8,253.5,97.9,232.5,253.5,True,
v202_tsweep,6T,16,16,1,write,TT,25.0,1.0,5e-09,1,138.9,201.0,257.9,98.9,237.8,257.9,True,
v202_tsweep,6T,64,16,0,read,TT,25.0,1.0,2e-09,1,123.8,205.1,283.1,382.5,506.4,283.1,True,
v202_tsweep,6T,64,16,0,read,TT,25.0,1.0,3e-09,1,125.7,207.4,285.3,381.5,507.1,285.3,True,
v202_tsweep,6T,64,16,0,read,TT,25.0,1.0,5e-09,1,129.4,209.8,288.3,380.9,510.3,288.3,True,
v202_tsweep,6T,64,16,0,write,TT,25.0,1.0,2e-09,1,134.1,212.1,291.4,126.9,261.0,291.4,True,
v202_tsweep,6T,64,16,0,write,TT,25.0,1.0,3e-09,1,135.5,213.9,293.4,126.5,262.0,293.4,True,
v202_tsweep,6T,64,16,0,write,TT,25.0,1.0,5e-09,1,139.3,217.1,295.8,126.9,266.2,295.8,True,
v202_tsweep,6T,8,4,0,read,TT,25.0,1.0,1.5e-09,1,,,,301.9,,,True,
v202_tsweep,6T,8,4,0,read,TT,25.0,1.0,1.0000000000000001e-07,1,,,,296.8,,,False,
v202_tsweep,6T,8,4,0,read,TT,25.0,1.0,1e-09,1,,,,301.8,,,True,
v202_tsweep,6T,8,4,0,read,TT,25.0,1.0,2e-08,1,,,,300.5,,,True,
v202_tsweep,6T,8,4,0,read,TT,25.0,1.0,2e-09,1,,,,302.0,,,True,
v202_tsweep,6T,8,4,0,read,TT,25.0,1.0,3e-09,1,,,,301.7,,,True,
v202_tsweep,6T,8,4,0,read,TT,25.0,1.0,5e-08,1,,,,298.8,,,False,
v202_tsweep,6T,8,4,0,read,TT,25.0,1.0,5e-09,1,,,,301.5,,,True,
v202_tsweep,6T,8,4,0,read,TT,25.0,1.0,7e-10,1,108.1,153.6,218.2,301.7,409.8,218.2,False,
v202_tsweep,6T,8,4,0,read,TT,25.0,1.0,8e-10,1,108.3,153.8,218.4,301.9,410.2,218.4,False,
v202_tsweep,6T,8,4,0,read,TT,25.0,1.0,9e-10,1,108.5,153.9,218.5,301.9,410.4,218.5,True,
v202_tsweep,6T,8,4,0,write,TT,25.0,1.0,1.5e-09,1,,,,138.8,,,True,
v202_tsweep,6T,8,4,0,write,TT,25.0,1.0,1.0000000000000001e-07,1,,,,135.0,,,False,
v202_tsweep,6T,8,4,0,write,TT,25.0,1.0,1e-09,1,,,,138.6,,,True,
v202_tsweep,6T,8,4,0,write,TT,25.0,1.0,2e-08,1,,,,136.7,,,True,
v202_tsweep,6T,8,4,0,write,TT,25.0,1.0,2e-09,1,,,,139.0,,,True,
v202_tsweep,6T,8,4,0,write,TT,25.0,1.0,3e-09,1,,,,138.1,,,True,
v202_tsweep,6T,8,4,0,write,TT,25.0,1.0,5e-08,1,,,,135.1,,,False,
v202_tsweep,6T,8,4,0,write,TT,25.0,1.0,5e-09,1,,,,138.1,,,True,
v202_tsweep,6T,8,4,0,write,TT,25.0,1.0,6e-10,1,111.0,155.9,196.7,138.7,249.7,196.7,True,
v202_tsweep,6T,8,4,0,write,TT,25.0,1.0,7e-10,1,111.1,155.9,197.1,138.7,249.8,197.1,True,
v202_tsweep,6T,8,4,0,write,TT,25.0,1.0,8e-10,1,111.3,156.1,197.4,138.8,250.1,197.4,True,
v202_tsweep,6T,8,4,0,write,TT,25.0,1.0,9e-10,1,111.5,156.2,197.8,138.6,250.1,197.8,True,
v202_tsweep_f,10T,16,16,0,read,TT,25.0,1.0,1.5e-09,1,121.2,186.9,242.7,314.9,436.1,242.7,True,
v202_tsweep_f,10T,16,16,0,read,TT,25.0,1.0,2e-09,1,121.9,187.8,243.4,314.4,436.3,243.4,True,
v202_tsweep_f,10T,16,16,0,read,TT,25.0,1.0,3e-09,1,123.5,189.9,245.0,314.6,438.1,245.0,True,
v202_tsweep_f,10T,16,16,0,read,TT,25.0,1.0,5e-08,1,140.5,237.5,293.9,314.5,455.0,293.9,True,
v202_tsweep_f,10T,16,16,0,read,TT,25.0,1.0,5e-09,1,127.3,192.9,248.6,314.0,441.2,248.6,True,
v202_tsweep_f,10T,16,16,0,write,TT,25.0,1.0,1.5e-09,1,132.6,195.4,232.2,107.7,240.4,232.2,True,
v202_tsweep_f,10T,16,16,0,write,TT,25.0,1.0,2e-09,1,133.5,195.8,233.2,107.4,240.9,233.2,True,
v202_tsweep_f,10T,16,16,0,write,TT,25.0,1.0,3e-09,1,134.8,197.7,234.7,107.1,242.0,234.7,True,
v202_tsweep_f,10T,16,16,0,write,TT,25.0,1.0,5e-08,1,151.8,245.7,283.6,106.8,258.6,283.6,True,
v202_tsweep_f,10T,16,16,0,write,TT,25.0,1.0,5e-09,1,139.2,200.6,238.9,107.2,246.4,238.9,True,
v202_tsweep_f,10T,8,4,0,read,TT,25.0,1.0,1e-09,1,108.9,154.1,231.0,295.0,403.9,231.0,True,
v202_tsweep_f,10T,8,4,0,read,TT,25.0,1.0,8e-10,1,108.4,153.9,230.5,294.9,403.4,230.5,False,
v202_tsweep_f,10T,8,4,0,write,TT,25.0,1.0,1e-09,1,111.8,156.4,203.3,131.1,242.9,203.3,True,
v202_tsweep_f,10T,8,4,0,write,TT,25.0,1.0,8e-10,1,111.5,156.3,203.0,131.1,242.6,203.0,True,
v202_tsweep_f,6T,16,16,0,read,TT,25.0,1.0,1.5e-09,1,121.1,186.8,242.2,307.7,428.8,242.2,True,
v202_tsweep_f,6T,16,16,0,read,TT,25.0,1.0,1.0000000000000001e-07,1,137.3,271.8,328.6,308.0,445.3,328.6,True,
v202_tsweep_f,6T,16,16,0,read,TT,25.0,1.0,1e-09,1,120.2,185.7,241.7,307.7,427.9,241.7,True,
v202_tsweep_f,6T,16,16,0,read,TT,25.0,1.0,2e-08,1,136.9,212.1,268.1,308.1,444.9,268.1,True,
v202_tsweep_f,6T,16,16,0,read,TT,25.0,1.0,2e-09,1,122.0,187.7,243.1,307.5,429.4,243.1,True,
v202_tsweep_f,6T,16,16,0,read,TT,25.0,1.0,3e-09,1,123.3,189.7,244.9,308.1,431.3,244.9,True,
v202_tsweep_f,6T,16,16,0,read,TT,25.0,1.0,5e-08,1,136.5,236.7,293.2,308.0,444.4,293.2,True,
v202_tsweep_f,6T,16,16,0,read,TT,25.0,1.0,5e-09,1,126.2,193.3,248.0,307.3,433.5,248.0,True,
v202_tsweep_f,6T,16,16,0,read,TT,25.0,1.0,7e-10,1,119.9,185.3,239.6,306.9,426.8,239.6,False,
v202_tsweep_f,6T,16,16,0,read,TT,25.0,1.0,8e-10,1,120.0,185.4,241.1,307.2,427.2,241.1,False,
v202_tsweep_f,6T,16,16,0,read,TT,25.0,1.0,9e-10,1,120.0,185.6,241.4,307.3,427.4,241.4,True,
v202_tsweep_f,6T,16,16,0,write,TT,25.0,1.0,1.5e-09,1,132.6,195.1,232.2,94.9,227.5,232.2,True,
v202_tsweep_f,6T,16,16,0,write,TT,25.0,1.0,1.0000000000000001e-07,1,148.9,280.1,317.7,94.9,243.8,317.7,True,
v202_tsweep_f,6T,16,16,0,write,TT,25.0,1.0,1e-09,1,131.6,194.1,231.3,95.4,227.0,231.3,True,
v202_tsweep_f,6T,16,16,0,write,TT,25.0,1.0,2e-08,1,146.4,220.8,257.6,94.4,240.8,257.6,True,
v202_tsweep_f,6T,16,16,0,write,TT,25.0,1.0,2e-09,1,133.5,196.0,233.1,94.5,227.9,233.1,True,
v202_tsweep_f,6T,16,16,0,write,TT,25.0,1.0,3e-09,1,134.8,197.9,234.7,94.8,229.6,234.7,True,
v202_tsweep_f,6T,16,16,0,write,TT,25.0,1.0,5e-08,1,151.2,246.0,283.7,94.3,245.5,283.7,True,
v202_tsweep_f,6T,16,16,0,write,TT,25.0,1.0,5e-09,1,139.0,201.2,238.3,94.5,233.5,238.3,True,
v202_tsweep_f,6T,16,16,0,write,TT,25.0,1.0,6e-10,1,131.0,193.8,230.9,94.5,225.5,230.9,True,
v202_tsweep_f,6T,16,16,0,write,TT,25.0,1.0,7e-10,1,131.2,193.9,231.9,94.9,226.0,231.9,True,
v202_tsweep_f,6T,16,16,0,write,TT,25.0,1.0,8e-10,1,131.6,194.0,231.1,94.9,226.4,231.1,True,
v202_tsweep_f,6T,16,16,0,write,TT,25.0,1.0,9e-10,1,131.7,194.0,231.5,95.0,226.7,231.5,True,
v202_tsweep_f,6T,16,16,1,read,TT,25.0,1.0,2e-08,1,134.6,215.0,256.6,303.4,438.1,256.6,True,
v202_tsweep_f,6T,16,16,1,read,TT,25.0,1.0,2e-09,1,121.9,187.6,227.4,303.6,425.4,227.4,True,
v202_tsweep_f,6T,16,16,1,read,TT,25.0,1.0,3e-09,1,123.4,189.7,230.8,303.6,427.0,230.8,True,
v202_tsweep_f,6T,16,16,1,read,TT,25.0,1.0,5e-09,1,126.2,193.4,231.9,303.5,429.7,231.9,True,
v202_tsweep_f,6T,16,16,1,write,TT,25.0,1.0,2e-08,1,146.3,220.2,259.3,98.5,244.9,259.3,True,
v202_tsweep_f,6T,16,16,1,write,TT,25.0,1.0,2e-09,1,133.4,195.9,233.7,99.7,233.1,233.7,True,
v202_tsweep_f,6T,16,16,1,write,TT,25.0,1.0,3e-09,1,134.7,197.8,235.0,98.7,233.5,235.0,True,
v202_tsweep_f,6T,16,16,1,write,TT,25.0,1.0,5e-09,1,138.9,201.2,239.5,99.8,238.7,239.5,True,
v202_tsweep_f,6T,64,16,0,read,TT,25.0,1.0,2e-09,1,123.9,205.2,240.2,357.2,481.1,240.2,True,
v202_tsweep_f,6T,64,16,0,read,TT,25.0,1.0,3e-09,1,125.8,207.4,242.3,356.9,482.7,242.3,True,
v202_tsweep_f,6T,64,16,0,read,TT,25.0,1.0,5e-09,1,129.5,209.9,245.5,358.5,488.0,245.5,True,
v202_tsweep_f,6T,64,16,0,write,TT,25.0,1.0,2e-09,1,134.1,212.1,245.3,93.5,227.6,245.3,True,
v202_tsweep_f,6T,64,16,0,write,TT,25.0,1.0,3e-09,1,135.7,213.9,247.0,93.7,229.4,247.0,True,
v202_tsweep_f,6T,64,16,0,write,TT,25.0,1.0,5e-09,1,139.4,217.2,249.6,93.4,232.8,249.6,True,
v202_tsweep_f,6T,8,4,0,read,TT,25.0,1.0,1.5e-09,1,109.7,154.8,231.6,290.9,400.6,231.6,True,
v202_tsweep_f,6T,8,4,0,read,TT,25.0,1.0,1.0000000000000001e-07,1,124.8,242.0,319.2,290.7,415.5,319.2,True,
v202_tsweep_f,6T,8,4,0,read,TT,25.0,1.0,1e-09,1,108.8,154.1,231.0,290.6,399.4,231.0,True,
v202_tsweep_f,6T,8,4,0,read,TT,25.0,1.0,2e-08,1,123.9,181.6,258.6,291.0,414.9,258.6,True,
v202_tsweep_f,6T,8,4,0,read,TT,25.0,1.0,2e-09,1,110.6,155.7,232.5,291.0,401.5,232.5,True,
v202_tsweep_f,6T,8,4,0,read,TT,25.0,1.0,3e-09,1,112.3,157.3,234.7,290.8,403.1,234.7,True,
v202_tsweep_f,6T,8,4,0,read,TT,25.0,1.0,5e-08,1,128.4,207.5,284.7,290.8,419.2,284.7,True,
v202_tsweep_f,6T,8,4,0,read,TT,25.0,1.0,5e-09,1,115.3,161.3,238.4,290.9,406.3,238.4,True,
v202_tsweep_f,6T,8,4,0,read,TT,25.0,1.0,6e-10,1,108.1,153.5,225.4,290.4,398.5,225.4,False,
v202_tsweep_f,6T,8,4,0,read,TT,25.0,1.0,7e-10,1,108.3,153.7,230.3,290.6,398.9,230.3,False,
v202_tsweep_f,6T,8,4,0,read,TT,25.0,1.0,8e-10,1,108.5,153.9,230.5,290.8,399.2,230.5,False,
v202_tsweep_f,6T,8,4,0,read,TT,25.0,1.0,9e-10,1,108.7,154.1,230.9,290.6,399.2,230.9,True,
v202_tsweep_f,6T,8,4,0,write,TT,25.0,1.0,1.5e-09,1,112.7,157.2,204.4,130.8,243.5,204.4,True,
v202_tsweep_f,6T,8,4,0,write,TT,25.0,1.0,1.0000000000000001e-07,1,128.6,244.4,292.1,130.0,258.7,292.1,True,
v202_tsweep_f,6T,8,4,0,write,TT,25.0,1.0,1e-09,1,111.9,156.4,203.2,130.8,242.7,203.2,True,
v202_tsweep_f,6T,8,4,0,write,TT,25.0,1.0,2e-08,1,126.7,183.9,231.1,130.2,256.9,231.1,True,
v202_tsweep_f,6T,8,4,0,write,TT,25.0,1.0,2e-09,1,113.6,158.0,205.2,131.3,244.9,205.2,True,
v202_tsweep_f,6T,8,4,0,write,TT,25.0,1.0,3e-09,1,115.2,159.6,207.3,130.5,245.7,207.3,True,
v202_tsweep_f,6T,8,4,0,write,TT,25.0,1.0,5e-08,1,131.7,209.9,257.2,130.3,262.0,257.2,True,
v202_tsweep_f,6T,8,4,0,write,TT,25.0,1.0,5e-09,1,118.1,163.7,210.5,131.3,249.5,210.5,True,
v202_tsweep_f,6T,8,4,0,write,TT,25.0,1.0,6e-10,1,111.1,155.9,202.8,130.7,241.8,202.8,True,
v202_tsweep_f,6T,8,4,0,write,TT,25.0,1.0,7e-10,1,111.3,155.9,202.9,130.7,242.0,202.9,True,
v202_tsweep_f,6T,8,4,0,write,TT,25.0,1.0,8e-10,1,111.5,156.2,202.8,130.5,242.0,202.8,True,
v202_tsweep_f,6T,8,4,0,write,TT,25.0,1.0,9e-10,1,111.7,156.3,203.2,130.9,242.6,203.2,True,
v202_after,10T,256,8,0,write,TT,25.0,1.0,1e-08,1,,,,145.6,,,True,
v202_after,6T,128,32,0,write,TT,25.0,1.0,1e-08,1,,,,167.0,,,True,
v202_after,6T,256,8,0,read,TT,25.0,1.0,1e-08,1,,,,517.4,,,True,
v202_after,6T,256,8,0,read,TT,25.0,1.0,1e-08,1,,,,517.4,,,True,
v202_after,6T,256,8,0,write,TT,25.0,1.0,1e-08,1,,,,135.5,,,True,
v202_after,6T,256,8,0,write,TT,25.0,1.0,1e-08,1,,,,135.5,,,True,
v202_after,6T,512,4,0,read,TT,25.0,1.0,1e-08,1,,,,693.5,,,True,
v202_after,6T,512,4,0,write,TT,25.0,1.0,1e-08,1,,,,133.4,,,True,
v202_after,6T,64,16,0,read,TT,25.0,1.0,1e-08,1,,,,378.4,,,True,
v202_after,6T,64,16,0,read,TT,25.0,1.0,1e-08,1,,,,378.4,,,True,
v202_after,6T,64,16,0,write,TT,25.0,1.0,1e-08,1,,,,125.8,,,True,
v202_after,6T,64,16,0,write,TT,25.0,1.0,1e-08,1,,,,125.8,,,True,
v202_after,6T,8,4,0,read,TT,25.0,1.0,1e-08,1,119.5,169.0,245.0,299.2,418.8,245.0,True,
v202_after,6T,8,4,0,write,TT,25.0,1.0,1e-08,1,122.3,172.0,225.7,139.5,261.8,225.7,True,
v203_validation,6T,16,16,0,read,SS,125.0,0.9,1.8e-09,1,267.6,426.9,546.0,704.7,972.4,546.0,False,"sen_fired,out_fell,sa_resolved"
v203_validation,6T,16,16,0,read,SS,125.0,0.9,1.9e-09,1,267.6,427.4,546.8,704.4,972.0,546.8,False,"out_fell,sa_resolved"
v203_validation,6T,16,16,0,read,SS,125.0,0.9,2e-09,1,267.8,427.6,547.0,705.5,973.3,547.0,False,out_fell
v203_validation,6T,16,16,0,read,SS,125.0,0.9,2.1e-09,1,268.0,427.3,547.3,704.9,972.9,547.3,True,
v203_validation,6T,16,16,0,read,SS,125.0,0.9,2.5e-09,5,276.5,443.0,564.0,729.5,1006.0,564.0,True,
v203_validation,6T,16,16,0,read,SS,125.0,0.9,2.5e-09,5,263.7,421.5,536.1,693.7,957.4,536.1,True,
v203_validation,6T,16,16,0,read,SS,125.0,0.9,2.5e-09,5,274.6,436.3,554.1,721.3,995.9,554.1,True,
v203_validation,6T,16,16,0,read,SS,125.0,0.9,2.5e-09,5,272.8,434.4,556.4,714.5,987.3,556.4,True,
v203_validation,6T,16,16,0,read,SS,125.0,0.9,2.5e-09,5,283.0,450.5,569.6,748.0,1031.0,569.6,True,
v203_validation,6T,16,16,0,write,SF,125.0,0.9,1e-08,5,276.7,425.3,488.2,237.4,514.1,488.2,True,
v203_validation,6T,16,16,0,write,SF,125.0,0.9,1e-08,5,263.9,407.9,467.9,230.0,494.0,467.9,True,
v203_validation,6T,16,16,0,write,SF,125.0,0.9,1e-08,5,275.2,419.3,480.6,241.6,516.7,480.6,True,
v203_validation,6T,16,16,0,write,SF,125.0,0.9,1e-08,5,273.4,417.0,479.9,229.5,503.0,479.9,True,
v203_validation,6T,16,16,0,write,SF,125.0,0.9,1e-08,5,283.9,435.1,497.3,264.2,548.0,497.3,True,
v203_validation,6T,256,8,0,read,FF,125.0,1.0,2.6e-09,1,197.3,352.2,386.9,796.1,993.4,386.9,True,
v203_validation,6T,256,8,0,read,FF,125.0,1.0,3e-09,1,198.2,353.9,391.8,794.7,992.9,391.8,True,
v203_validation,6T,8,4,0,read,SS,125.0,0.9,1.6000000000000003e-09,1,242.7,355.4,528.6,664.0,906.7,528.6,False,"sen_fired,out_fell,sa_resolved"
v203_validation,6T,8,4,0,read,SS,125.0,0.9,1.7e-09,1,242.8,355.7,528.6,664.1,906.9,528.6,False,"sen_fired,out_fell,sa_resolved"
v203_validation,6T,8,4,0,read,SS,125.0,0.9,1.8e-09,1,243.1,355.9,529.2,664.1,907.2,529.2,False,out_fell
v203_validation,6T,8,4,0,read,SS,125.0,0.9,1.9e-09,1,243.1,356.0,529.9,664.3,907.4,529.9,True,
v203_validation,6T,8,4,0,read,SS,125.0,0.9,2e-09,1,243.4,356.3,529.8,664.3,907.6,529.8,True,
v203_validation,6T,8,4,0,read,SS,125.0,0.9,2.3500000000000004e-09,1,244.0,356.7,530.1,664.4,908.4,530.1,True,
v203_validation,6T,8,4,0,read,SS,125.0,0.9,2.3500000000000004e-09,5,251.3,368.9,544.4,686.4,937.7,544.4,True,
v203_validation,6T,8,4,0,read,SS,125.0,0.9,2.3500000000000004e-09,5,239.3,350.8,517.4,653.9,893.1,517.4,True,
v203_validation,6T,8,4,0,read,SS,125.0,0.9,2.3500000000000004e-09,5,249.8,364.3,532.2,679.1,928.9,532.2,True,
v203_validation,6T,8,4,0,read,SS,125.0,0.9,2.3500000000000004e-09,5,247.7,362.0,538.4,674.5,922.2,538.4,True,
v203_validation,6T,8,4,0,read,SS,125.0,0.9,2.3500000000000004e-09,5,257.9,376.4,545.1,703.8,961.7,545.1,True,
v203_validation,6T,8,4,0,write,SF,125.0,0.9,1.3e-09,1,220.1,318.0,404.7,499.7,719.9,404.7,False,"blb_driven_low,q_written"
v203_validation,6T,8,4,0,write,SF,125.0,0.9,1.4e-09,1,220.3,318.1,404.3,500.2,720.5,404.3,False,"blb_driven_low,q_written"
v203_validation,6T,8,4,0,write,SF,125.0,0.9,1.5e-09,1,220.4,318.5,404.6,500.5,720.9,404.6,True,
v203_validation,6T,8,4,0,write,SF,125.0,0.9,1.6000000000000003e-09,1,220.6,318.6,404.7,500.1,720.7,404.7,True,
v203_validation,6T,8,4,0,write,SF,125.0,0.9,1.8499999999999998e-09,5,227.4,329.8,417.6,629.9,857.3,417.6,True,
v203_validation,6T,8,4,0,write,SF,125.0,0.9,1.8499999999999998e-09,5,217.6,315.2,389.6,,,389.6,False,"blb_driven_low,q_written,q_retained"
v203_validation,6T,8,4,0,write,SF,125.0,0.9,1.8499999999999998e-09,5,226.4,325.9,401.0,,,401.0,False,"blb_driven_low,q_written,q_retained"
v203_validation,6T,8,4,0,write,SF,125.0,0.9,1.8499999999999998e-09,5,224.4,324.1,411.8,517.9,742.3,411.8,True,
v203_validation,6T,8,4,0,write,SF,125.0,0.9,1.8499999999999998e-09,5,235.0,338.5,413.8,,,413.8,False,"blb_driven_low,q_written,q_retained"
v203_validation,6T,8,4,0,write,SF,125.0,0.9,1e-08,5,239.1,348.7,437.0,628.3,867.3,437.0,True,
v203_validation,6T,8,4,0,write,SF,125.0,0.9,1e-08,5,227.9,334.0,419.0,2539.9,2767.8,419.0,True,
v203_validation,6T,8,4,0,write,SF,125.0,0.9,1e-08,5,238.1,344.6,419.8,,,419.8,False,"blb_driven_low,q_written,q_retained"
v203_validation,6T,8,4,0,write,SF,125.0,0.9,1e-08,5,236.2,342.1,430.7,516.6,752.8,430.7,True,
v203_validation,6T,8,4,0,write,SF,125.0,0.9,1e-08,5,244.7,354.8,432.6,,,432.6,False,"blb_driven_low,q_written,q_retained"
v203_validation,6T,8,4,0,write,SS,125.0,0.9,1e-08,5,272.5,391.9,497.4,335.4,607.8,497.4,True,
v203_validation,6T,8,4,0,write,SS,125.0,0.9,1e-08,5,259.0,373.3,473.4,338.1,597.0,473.4,True,
v203_validation,6T,8,4,0,write,SS,125.0,0.9,1e-08,5,270.8,386.6,487.8,362.7,633.5,487.8,True,
v203_validation,6T,8,4,0,write,SS,125.0,0.9,1e-08,5,268.8,383.9,489.8,327.0,595.8,489.8,True,
v203_validation,6T,8,4,0,write,SS,125.0,0.9,1e-08,5,278.4,399.6,500.4,467.4,745.8,500.4,True,
v203_worstcase,10T,16,16,0,read,SS,125.0,0.9,1e-08,1,283.6,443.8,563.5,726.1,1009.7,563.5,True,
v203_worstcase,10T,16,16,0,read,SS,125.0,1.0,1e-08,1,249.2,384.0,492.0,625.6,874.8,492.0,True,
v203_worstcase,10T,16,16,0,write,SS,125.0,0.9,1e-08,1,308.4,462.1,537.4,258.2,566.6,537.4,True,
v203_worstcase,10T,16,16,0,write,SS,125.0,1.0,1e-08,1,269.7,399.5,467.7,223.1,492.8,467.7,True,
v203_worstcase,6T,16,16,0,read,FS,125.0,1.0,1e-08,1,219.9,336.9,440.2,532.2,752.1,440.2,True,
v203_worstcase,6T,16,16,0,read,SF,125.0,0.9,1e-08,1,248.8,394.8,495.8,627.7,876.5,495.8,True,
v203_worstcase,6T,16,16,0,read,SF,125.0,1.0,1e-08,1,216.8,346.1,438.1,547.8,764.6,438.1,True,
v203_worstcase,6T,16,16,0,read,SS,125.0,0.9,1e-08,1,282.0,443.9,563.4,705.4,987.4,563.4,True,
v203_worstcase,6T,16,16,0,read,SS,125.0,1.0,1e-08,1,246.0,384.6,491.5,609.5,855.6,491.5,True,
v203_worstcase,6T,16,16,0,read,TT,25.0,0.9,1e-08,1,149.6,227.4,287.8,349.4,499.1,287.8,True,
v203_worstcase,6T,16,16,0,write,FS,125.0,1.0,1e-08,1,240.0,350.4,416.7,159.2,399.2,416.7,True,
v203_worstcase,6T,16,16,0,write,SF,125.0,0.9,1e-08,1,269.5,411.0,473.3,225.8,495.2,473.3,True,
v203_worstcase,6T,16,16,0,write,SF,125.0,1.0,1e-08,1,236.7,360.3,416.9,194.9,431.5,416.9,True,
v203_worstcase,6T,16,16,0,write,SS,125.0,0.9,1e-08,1,307.7,463.2,536.9,227.8,535.5,536.9,True,
v203_worstcase,6T,16,16,0,write,SS,125.0,1.0,1e-08,1,270.0,401.1,467.0,197.2,467.1,467.0,True,
v203_worstcase,6T,16,16,0,write,TT,25.0,0.9,1e-08,1,164.5,235.3,279.3,107.4,272.0,279.3,True,
v203_worstcase,6T,16,256,0,read,FF,125.0,1.0,1e-08,1,193.0,323.5,441.6,547.9,740.9,441.6,True,
v203_worstcase,6T,16,256,0,read,FS,125.0,1.0,1e-08,1,220.9,361.9,496.3,610.8,831.7,496.3,True,
v203_worstcase,6T,16,256,0,read,SF,125.0,0.9,1e-08,1,249.6,416.1,558.7,716.5,966.1,558.7,True,
v203_worstcase,6T,16,256,0,read,SF,125.0,1.0,1e-08,1,217.3,367.0,493.9,630.8,848.0,493.9,True,
v203_worstcase,6T,16,256,0,read,SS,125.0,0.9,1e-08,1,286.6,470.6,635.3,806.1,1092.7,635.3,True,
v203_worstcase,6T,16,256,0,read,SS,125.0,1.0,1e-08,1,248.5,409.1,554.8,696.8,945.2,554.8,True,
v203_worstcase,6T,16,256,0,read,TT,25.0,0.9,1e-08,1,147.0,239.7,322.8,400.2,547.2,322.8,True,
v203_worstcase,6T,16,256,0,write,FF,125.0,1.0,1e-08,1,269.3,404.7,486.4,212.4,481.7,486.4,True,
v203_worstcase,6T,16,256,0,write,FS,125.0,1.0,1e-08,1,295.0,457.1,548.5,222.0,517.0,548.5,True,
v203_worstcase,6T,16,256,0,write,SF,125.0,0.9,1e-08,1,333.2,514.5,617.4,295.8,629.1,617.4,True,
v203_worstcase,6T,16,256,0,write,SF,125.0,1.0,1e-08,1,299.6,455.3,547.7,257.1,556.7,547.7,True,
v203_worstcase,6T,16,256,0,write,SS,125.0,0.9,1e-08,1,370.3,583.9,701.6,307.5,677.8,701.6,True,
v203_worstcase,6T,16,256,0,write,SS,125.0,1.0,1e-08,1,329.1,509.4,611.1,267.3,596.4,611.1,True,
v203_worstcase,6T,16,256,0,write,TT,25.0,0.9,1e-08,1,209.8,316.8,378.3,150.9,360.7,378.3,True,
v203_worstcase,6T,256,8,0,read,FF,125.0,1.0,1e-08,1,205.5,364.2,401.5,798.4,1003.9,401.5,False,blb_stays_high
v203_worstcase,6T,256,8,0,read,FS,125.0,1.0,1e-08,1,236.2,407.8,451.9,880.5,1116.7,451.9,False,blb_stays_high
v203_worstcase,6T,256,8,0,read,SF,125.0,0.9,1e-08,1,263.9,466.0,519.1,1080.6,1344.5,519.1,True,
v203_worstcase,6T,256,8,0,read,SF,125.0,1.0,1e-08,1,230.5,410.5,455.8,934.0,1164.4,455.8,True,
v203_worstcase,6T,256,8,0,read,SS,125.0,0.9,1e-08,1,301.4,527.8,585.8,1205.9,1507.3,585.8,True,
v203_worstcase,6T,256,8,0,read,SS,125.0,1.0,1e-08,1,263.4,458.6,508.8,1032.2,1295.6,508.8,True,
v203_worstcase,6T,256,8,0,read,TT,25.0,0.9,1e-08,1,155.9,269.1,305.8,602.9,758.8,305.8,True,
v203_worstcase,6T,256,8,0,write,FF,125.0,1.0,1e-08,1,210.9,367.9,406.3,153.3,364.2,406.3,True,
v203_worstcase,6T,256,8,0,write,FS,125.0,1.0,1e-08,1,241.6,412.7,453.2,163.3,404.9,453.2,True,
v203_worstcase,6T,256,8,0,write,SF,125.0,0.9,1e-08,1,273.1,471.8,523.3,210.2,483.3,523.3,True,
v203_worstcase,6T,256,8,0,write,SF,125.0,1.0,1e-08,1,237.2,414.0,457.7,182.3,419.5,457.7,True,
v203_worstcase,6T,256,8,0,write,SS,125.0,0.9,1e-08,1,313.3,533.8,589.5,225.8,539.1,589.5,True,
v203_worstcase,6T,256,8,0,write,SS,125.0,1.0,1e-08,1,272.5,464.4,513.2,194.7,467.2,513.2,True,
v203_worstcase,6T,256,8,0,write,TT,25.0,0.9,1e-08,1,161.2,270.2,303.7,108.5,269.7,303.7,True,
v203_worstcase,6T,512,4,0,read,SS,125.0,0.9,1e-08,1,310.0,539.8,602.0,1676.0,1985.9,602.0,True,
v203_worstcase,6T,512,4,0,read,SS,125.0,1.0,1e-08,1,271.1,469.5,523.2,1425.0,1696.0,523.2,True,
v203_worstcase,6T,512,4,0,read,TT,25.0,0.9,1e-08,1,160.4,275.8,313.3,842.9,1003.3,313.3,True,
v203_worstcase,6T,64,16,0,read,FF,125.0,1.0,1e-08,1,196.2,334.5,383.4,551.8,748.1,383.4,False,blb_stays_high
v203_worstcase,6T,64,16,0,read,FS,125.0,1.0,1e-08,1,224.3,375.1,427.4,614.6,838.9,427.4,False,blb_stays_high
v203_worstcase,6T,64,16,0,read,SF,125.0,0.9,1e-08,1,252.9,422.7,489.2,732.2,985.1,489.2,True,
v203_worstcase,6T,64,16,0,read,SF,125.0,1.0,1e-08,1,219.8,373.9,431.9,636.5,856.4,431.9,True,
v203_worstcase,6T,64,16,0,read,SS,125.0,0.9,1e-08,1,289.1,480.6,549.7,822.1,1111.2,549.7,True,
v203_worstcase,6T,64,16,0,read,SS,125.0,1.0,1e-08,1,251.6,418.3,480.3,706.4,958.0,480.3,True,
v203_worstcase,6T,64,16,0,read,TT,25.0,0.9,1e-08,1,151.4,246.5,284.8,407.5,558.8,284.8,True,
v203_worstcase,6T,64,16,0,write,FF,125.0,1.0,1e-08,1,209.5,345.2,385.5,151.3,360.7,385.5,True,
v203_worstcase,6T,64,16,0,write,FS,125.0,1.0,1e-08,1,239.5,387.6,432.0,160.8,400.3,432.0,True,
v203_worstcase,6T,64,16,0,write,SF,125.0,0.9,1e-08,1,271.5,436.0,495.0,210.6,482.1,495.0,True,
v203_worstcase,6T,64,16,0,write,SF,125.0,1.0,1e-08,1,235.8,387.3,435.6,181.3,417.1,435.6,True,
v203_worstcase,6T,64,16,0,write,SS,125.0,0.9,1e-08,1,310.4,496.0,559.3,222.6,533.0,559.3,True,
v203_worstcase,6T,64,16,0,write,SS,125.0,1.0,1e-08,1,269.9,432.3,487.2,191.5,461.4,487.2,True,
v203_worstcase,6T,64,16,0,write,TT,25.0,0.9,1e-08,1,163.0,252.5,289.0,106.3,269.4,289.0,True,
v203_worstcase,6T,64,64,0,read,SS,125.0,1.0,1e-08,1,257.4,427.8,510.8,760.6,1018.0,510.8,True,
v203_worstcase,6T,64,64,0,write,SS,125.0,1.0,1e-08,1,293.0,462.6,537.6,216.5,509.5,537.6,True,
v203_worstcase,6T,8,4,0,read,FS,125.0,1.0,1e-08,1,200.0,282.6,435.0,502.7,702.8,435.0,True,
v203_worstcase,6T,8,4,0,read,SF,125.0,0.9,1e-08,1,225.8,330.5,479.1,592.1,817.9,479.1,True,
v203_worstcase,6T,8,4,0,read,SF,125.0,1.0,1e-08,1,197.6,290.0,425.7,517.7,715.3,425.7,True,
v203_worstcase,6T,8,4,0,read,SS,125.0,0.9,1e-08,1,259.8,371.6,547.2,664.7,924.5,547.2,True,
v203_worstcase,6T,8,4,0,read,SS,125.0,1.0,1e-08,1,224.7,322.4,479.3,575.8,800.5,479.3,True,
v203_worstcase,6T,8,4,0,read,TT,25.0,0.9,1e-08,1,136.6,191.7,276.4,329.4,466.0,276.4,True,
v203_worstcase,6T,8,4,0,write,FS,125.0,1.0,1e-08,1,204.6,286.5,377.0,224.6,429.2,377.0,True,
v203_worstcase,6T,8,4,0,write,SF,125.0,0.9,1e-08,1,232.8,337.0,424.0,499.3,732.1,424.0,True,
v203_worstcase,6T,8,4,0,write,SF,125.0,1.0,1e-08,1,203.2,294.1,373.9,463.8,667.0,373.9,True,
v203_worstcase,6T,8,4,0,write,SS,125.0,0.9,1e-08,1,265.0,378.4,482.6,321.0,585.9,482.6,True,
v203_worstcase,6T,8,4,0,write,SS,125.0,1.0,1e-08,1,230.2,327.0,419.8,294.7,524.8,419.8,True,
v203_worstcase,6T,8,4,0,write,TT,25.0,0.9,1e-08,1,139.5,194.9,247.5,143.2,282.8,247.5,True,
